제목1,제목2,label,seq_score,jac_score,cos_score
[학부] 2020학년도 2학기 「좋은수업에세이」 공모전 시행 공고,[대학혁신지원사업] 2020학년도 2학기 「좋은수업에세이」 공모전 시행 공고,duplication,0.885714286,0.75,0.825375686
2025학년도 학부 신입생 수강신청 안내,2025학년도 1학기 학부 수강신청 안내,different,0.818181818,0.666666667,0.826669715
2022년 10월 4주(1차) 추천 채용 정보 안내,2022. 10월 2주 추천 채용 정보 안내,different,0.897959184,0.555555556,0.569321372
[입학본부] 2018년 전공알림단 선발 안내,2018학년도 전공알림단 선발 안내,duplication,0.829268293,0.5,0.552890015
2015년 2학기 2차 희망사다리 신규 장학생 신청 안내,[학부] 2015년 2학기 2차 희망사다리 신규 장학생 수요조사 안내(~11.3),different,0.828571429,0.545454545,0.719523459
2023학년도 신입생 학생증 발급 안내,[안내] 2023학년도 신입생(재학생) 학생증 발급 안내,duplication,0.875,0.666666667,0.681681091
2015학년도 2학기 경북대학교 수학 안내,2015학년도 2학기 전북대학교 수학 안내,different,0.956521739,0.666666667,0.562096185
2021학년도 1학기 군입대 및 질병휴학자의 수강과목 철회(성적포기) 여부 조사 안내,2021학년도 1학기 군입대 및 질병휴학자의 수강과목 철회(성적포기) 여부 조사,duplication,0.965517241,0.9,0.996070393
(2학기) 학생생활관 조기입사대상자 추천,(20-2학기) 학생생활관 조기입사대상자 추천 협조 요청,duplication,0.833333333,0.428571429,0.746467893
2018년 대학생 재능봉사 제17기 하계 캠프 참여 멘토 모집 안내,2018년 제17기 재능봉사 하계 캠프 참여 멘토 모집 안내,duplication,0.828571429,0.9,0.967524884
2023학년도 1학기 학석사 연계과정 모집 안내,2023학년도 1학기 학석사 연계과정 모집 안내-10.13.목까지,duplication,0.881355932,0.714285714,0.708629152
2021학년도 1학기 한양대학교 일반대학원 학점교류 안내,2021학년도 1학기 전남대학교 일반대학원 학점교류 안내,different,0.935483871,0.714285714,0.640563951
2024년 국제재생에너지기구(IRENA) 근무 인턴 후보자 추가모집 안내,2024년 국제에너지기구(IEA) 근무 인턴 후보자 추가모집 안내-4.17.수.18시까지,different,0.839506173,0.555555556,0.611661239
2018학년도 1학기 중국 자매대학 파견교환학생 2차 추가선발,2018학년도 1학기 중국 자매대학 파견교환학생 2차 추가선발 계획,duplication,0.957746479,0.875,0.960292941
『2022년 제25기 하계 대학생 재능봉사 캠프사업』 대학생 멘토 모집 안내,『2022년 제25기 하계 대학생 재능봉사 캠프사업』 대학생 멘토 모집 안내-6.13.월까지,duplication,0.930232558,0.8,0.86762948
[대학혁신_교수사업] 2022학년도 2학기 [메이저러너] 프로그램 시행 공고,[대학혁신_교수학습] 2022학년도 2학기 [메이저러너] 프로그램 시행 공고,duplication,0.947368421,0.75,0.600892474
2011년도 1학기 농촌희망재단 장학생 선발,2011년도 1학기 농촌희망재단(계속자및신규자) 장학생 선발 안내,duplication,0.827586207,0.571428571,0.460048943
2023학년도 2학기 학부생 재입학 추가모집 계획 알림,2023학년도 2학기 학부생 재입학 추가모집 계획 알림-8.2.수까지,duplication,0.923076923,0.75,0.718526613
2025학년도 오리엔테이션 미참석 신입생 대상 에코백 등 배부 안내(3/4(화) ~ 3/7(금) 18시까지),2025학년도 입학식/오리엔테이션 미참석 신입생 대상 에코백 등 배부 안내,duplication,0.822222222,0.538461538,0.62201219
2022. 10월 3주 추천 채용 정보 안내,2022년 10월 2주 추천 채용 정보 안내,different,0.936170213,0.555555556,0.564370761
2023학년도 신입생(1학년) 강원대학교 핵심역량 진단(KCCA) 홍보,2023학년도 신입생(1학년) 강원대학교 핵심역량 진단(KCCA)홍보 및 참여 협조 요청,duplication,0.85,0.363636364,0.574320191
2019. 전기 일반대학원 신입생(정원내) 2차 모집 안내 홍보 협조,(1/10마감) 2019. 전기 일반대학원 신입생(정원내) 2차 모집 안내,duplication,0.828571429,0.7,0.710496063
2021학년도 동계 계절수업 서울시립대학교 교류수학 안내,2021학년도 동계 계절수업 서울시립대학교 학점교류 수학 안내,duplication,0.953846154,0.625,0.739554978
2023학년도 겨울 계절수업 제주대학교 교류수학 안내-10.24.화까지,2023학년도 동계 계절수업 인하대학교 교류수학 안내-11.10.금까지,different,0.805555556,0.333333333,0.255233214
[안내]2017학년도 1학기 재학생 등록금 수납계획 알림,2017학년도 1학기 재학생 등록금 수납계획 안내,duplication,0.892857143,0.5,0.643531437
『2021년 제23기 학계 대학생 재능봉사 캠프 사업』 대학생 멘토 모집 공고,『2021년 제23기 동계 대학생 재능봉사 캠프 사업』 대학생 멘토 모집 공고,different,0.975609756,0.818181818,0.842720373
2020학년도 동계 계절수업 해외어학연수 학점인정 신청 안내,2020학년도 동계 계절수업（단기해외어학연수） 학점인정 신청 안내,duplication,0.955223881,0.625,0.571897306
2022학년도 1학기 재학생 등록금 1차 추가 납부기간 안내,2022학년도 1학기 재학생 등록금 1차 추가납부기간 안내,duplication,0.984615385,0.666666667,0.641503817
[공통] 2022-1학기 코로나19 대응 재학생 마음건강 지원 프로그램 안내,2022-1학기 코로나19 대응 재학생 마음건강 지원 프로그램 홍보,duplication,0.906666667,0.7,0.851761033
'내가 만드는 발명의 날 60주년 기념식 공모' 홍보 협조요청,＇내가 만드는 발명의 날 60주년 기념식 공모＇ 안내,duplication,0.847457627,0.7,0.929049288
(필독)2023학년도 2학기 수강신청 안내,2023학년도 2학기 수강신청 안내,duplication,0.95,0.6,0.424105237
2020학년도 2학기 등록 및 휴·복학 일정 안내,2020학년도 2학기 등록 및 휴·복학 신청 안내,duplication,0.923076923,0.75,0.85323742
2022학년도 2학기 재학생 등록금 2차 추가납부기간 안내,2022학년도 2학기 재학생 등록금 1차 추가 납부기간 안내,different,0.953846154,0.5,0.454769275
(국가거점국립대학교) 2025. 1학기 경상국립대학교 교류 수학 안내,(국가거점국립대학교) 2025학년도 1학기 충북대학교 교류 수학 안내,different,0.873239437,0.555555556,0.553172498
2020학년도 1학기 부산대학교 교류 수학 안내,2020학년도 1학기 경북대학교 교류 수학 안내,different,0.923076923,0.714285714,0.630248501
[글로컬_학생중심] 2025학년도 1학기 『메이저러너』 시행 공고,[글로컬_학생중심] 2025학년도 1학기 「챌린지러너」 시행 공고,different,0.90625,0.714285714,0.722364014
2011학년도 동계 계절수업 수강신청 안내,2011학년도 동계 계절수업 수업시간표 및 수강신청 안내,duplication,0.851851852,0.714285714,0.830915236
2020학년도 2학기 비대면 수업 만족도 조사 안내,2020-2 비대면 수업 만족도 조사,duplication,0.808510638,0.5,0.796902694
2018학년도 1학기 수강신청 기간 변경 안내,[안내]2018학년도 1학기 수강신청 기간변경 안내,duplication,0.941176471,0.375,0.214232332
2023학년도 전기 일반대학원 신입생(정원내) 모집,2023학년도 전기 일반대학원 신입생(정원내) 모집 요강,duplication,0.945454545,0.833333333,0.836011878
한국문화예술위원회 아르코문화예술전문가코스 교육 안내-신청11.30.수까지,한국문화예술위원회 아르코문화예술전문가코스 교육 안내,duplication,0.861538462,0.6,0.801014044
2023-2학기 국가장학금 신청자 가구원 동의 안내,2023-2학기 국가장학금 신청자 가구원 동의  요청,duplication,0.925925926,0.714285714,0.954066929
2014학년도 동계 계절학기 해외어학연수 학점인정 신청안내,2014학년도 하계 계절학기 해외어학연수 학점인정 신청안내,different,0.96875,0.714285714,0.896082521
2024학년도 여름 계절수업 전남대학교 학점교류 수학 안내,2024학년도 하계 계절수업 세종대학교 교류수학 안내,different,0.819672131,0.3,0.254460768
2015-1학기 집단상담 참여자 모집,2015-1학기 집단상담 참여자 모집 안내,duplication,0.926829268,0.8,0.991818916
2023년도 학생 e-루리 장애인식개선교육(법정의무교육) 수강 안내,2023년도 학생 대상 e-루리 폭력예방교육(법정의무교육) 수강 안내,duplication,0.811594203,0.625,0.625942925
[안내]2020-2학기 KNU핵심역량장학금 선발 계획 안내,2020-2학기 KNU핵심역량장학금 선발 계획 안내,duplication,0.964285714,0.666666667,0.550149655
2025학년도 1학기 학·석사 연계과정 모집 안내,2025학년도 2학기 학.석사 연계과정 신청 안내,different,0.884615385,0.5,0.851223662
2021학년도 하계 계절수업 한양대학교 교류수학 안내,2021학년도 하계 계절수업 부산대학교 교류수학 안내-5.4.화까지,different,0.857142857,0.5,0.468243347
2016학년도 롯데장학재단 장학생 선발 안내,2016학년도 아산사회복지재단 장학생 선발 안내,different,0.8,0.666666667,0.492927898
2021학년도 제1차 교내 졸업자격인증 모의토익 시험일자 안내,2021학년도 제1차 교내 졸업자격인증 모의토익 시험 안내,duplication,0.96969697,0.75,0.791287203
2017 K-Engineering 디자인 캠프 참가학생 모집 안내,2017  K-Engineering 디자인 캠프 참가자 모집 안내(기간연장),different,0.904109589,0.555555556,0.739670905
[한국문화관광연구원] 제4회 관광통계 인포그래픽 공모전,한국문화관광연구원 제4회 관광통계 인포그래픽 공모전 개최 안내,duplication,0.903225806,0.714285714,0.974953662
학사과정 교육과정 편성 ․ 운영 진단 연구 공모 재공고,학사과정 교육과정 편성·운영 진단 연구 공모 재공고,duplication,0.981818182,0.666666667,0.789227055
2022학년도 교원양성과정 제1차 응급처치 및 심폐소생술 실습 교육 안내,[교직] 2022학년도 교원양성과정 응급처치 및 심폐소생술 실습 교육 계획 공고,duplication,0.829268293,0.583333333,0.793132164
2016학년도 1학기 사회봉사과목 수강 및 봉사활동 신청 안내(2/16~3/9),2016-1 사회봉사과목 수강 및 봉사활동 신청 안내,duplication,0.835820896,0.5,0.566693898
2022학년도 1학기 외국인 유학생 튜터링 프로그램 홍보,(1/16마감) 2022학년도 1학기 외국인 유학생 튜터링 프로그램 안내,duplication,0.852941176,0.666666667,0.749103723
2022학년도 2학기 일반대학원 수업평가 안내,2022학년도 2학기 기말 수업평가 시행 안내,different,0.8,0.571428571,0.593655297
[대학원] 2025학년도 1학기 일반대학원 석사학위청구논문 대체인정 실적 심사 안내,[공지][대학원] 2025학년도 1학기 일반대학원 학위청구논문심사 안내,duplication,0.835443038,0.363636364,0.201429262
2021학년도 하계 계절수업 국가유공자（본인） 수업료 면제 안내,2021학년도 하계 계절수업 국가유공자 본인의 계절수업료 면제 안내,duplication,0.942857143,0.5,0.409715661
2021학년도 2학기 서울시립대학교 대학원 학점교류 운영 안내,2021학년도 2학기 충남대학교 대학원 학점교류 안내,different,0.857142857,0.625,0.6117291
2015학년도 2학기 경상대학교 수학 안내,2015학년도 2학기 제주대학교 수학 안내,different,0.913043478,0.666666667,0.529746745
[LINC3.0 사업단]강원대-한림대 LINC 3.0 사업단 모의경영  RPG 경진대회 운영 안내,강원대-한림대 LINC 3.0 사업단 모의경영 RPG 경진대회 운영 안내(5/8(월) 13시까지),duplication,0.8,0.538461538,0.566031267
(국가거점국립대학교) 2023학년도 1학기 전남대학교 교류 수학 안내,(국가거점국립대학교) 2023학년도 1학기 경상국립대학교 교류 수학 안내,different,0.918918919,0.75,0.690639757
(10/27마감) 대학일자리센터 특화프로그램 <공모전 대비 온라인 특강> 안내,대학일자리센터 특화프로그램 _공모전 대비 온라인 특강_ 안내,duplication,0.873239437,0.5,0.519727789
2023학년도 하계 계절수업 서울대학교 교류수학 안내,2023학년도 여름 계절수업 한양대학교 교류수학 안내,different,0.862068966,0.5,0.488367618
2022 KNU 하계 부트캠프 『아이컨택; ICT』신청 안내,2022년도 KNU 하계 부트캠프 『아이컨택; ICT』 신청 안내,duplication,0.952380952,0.5,0.60260811
2023-2 유한재단 신규장학생 선발 안내,2023학년도 2학기 유한재단 신규장학생 선발 안내(2차),different,0.846153846,0.375,0.602184884
강원도 대학생 혁신창업 아이디어 캠프(코너스톤 연계) 추가 모집 안내,(11/15마감) 강원도 대학생 혁신창업 아이디어 캠프(코너스톤 연계) 추가 모집 안내,duplication,0.911392405,0.9,0.878387413
"2024년 [학내 마음건강 지원 1,2학년 온라인 심리검사] 운영 안내","2024학년도 「학내 마음건강 지원 1,2학년 온라인 심리검사」 운영 안내",duplication,0.972972973,0.8,0.925798897
2016학년도 1학기 경상대학교 수학 안내,2016학년도 1학기 서울대학교 수학 안내,different,0.913043478,0.666666667,0.552324658
KNU 미래도서관 실감영상 콘텐츠 공모전 안내,[국립대학육성사업] KNU미래도서관 실감영상 콘텐츠 공모전 안내,duplication,0.827586207,0.5,0.62814035
2021-2 등록금 재학생 2차 추가납부 및 수업연한초과자 납부기간,2021-2 등록금 재학생 2차 추가납부 및 수업연한초과자 납부기간 알림,duplication,0.96,0.888888889,0.971934558
2024 KNU 코딩 캠프 『뒤풀이; The Free』 모집 안내,2024 KNU 코딩 캠프; 뒤풀이(The Free) 재학생 참가자 모집,duplication,0.828571429,0.5,0.593032609
[학부]2017학년도 1학기 특별장학금 장학생 선발계획 안내,2017학년도 1학기 특별장학금 장학생 선발계획 안내(4/27까지),duplication,0.892307692,0.5,0.451476985
2019학년도 1학기 충남대학교 학점교류 안내,2019학년도 1학기 서울시립대 학점교류 안내,different,0.84,0.666666667,0.491858929
2024학년도 2학기 재학생 등록금 수납계획 알림,[등록]2024학년도 2학기 재학생 등록금 수납 계획 안내,duplication,0.877192982,0.3,0.306674385
2021 하계 계절수업 경상국립대학교 교류수학 안내,2021학년도 하계 계절수업 서울대학교 교류수학 안내,different,0.842105263,0.5,0.498303782
2019학년도 2학기 학부생 재입학 모집 계획 알림,2019학년도 2학기 학부생 재입학 모집,duplication,0.88,0.714285714,0.880092123
[장학]2021학년도 1학기 춘천지역로타리장학재단 장학생 선발 안내,2021학년도 1학기 춘천지역로타리장학재단 장학생 선발 안내,duplication,0.970588235,0.714285714,0.726440427
2021학년도 2학기 경상국립대학교 교류 수학 안내,2021학년도 2학기 서울시립대학교 교류 수학 안내-7.19.월까지,different,0.806451613,0.5,0.405145656
2015학년도 1학기 한국교원대학교 수학 안내,2015학년도 1학기 강릉원주대학교 수학 안내,different,0.88,0.666666667,0.54957827
2020학년도 하계 계절수업 숙명여자대학교 교류수학 안내,2020학년도 하계 계절수업 인하대학교 학점 교류 수학 안내-5.15,different,0.805970149,0.272727273,0.301213853
"2023년도 ""농식품산업 관련 아이디어 경진대회"" 참가자 모집",2023년도 「농식품산업 관련 아이디어 경진대회」안내,duplication,0.847457627,0.5,0.681297269
"2021-1학기 국가장학금Ⅱ유형 긴급 지원(실직, 폐업) 장학생 선발","2021-1학기 국가장학금Ⅱ유형 긴급 지원(실직,폐업) 장학생 선발 기간 연장 안내",different,0.868421053,0.454545455,0.556062786
2024-1학기 재학생 등록금 4차 추가 납부기간 안내,2024학년도 1학기 재학생 등록금 4차（마지막） 추가 납부기간 안내,duplication,0.892307692,0.5,0.510536825
(8/11마감) [교육혁신본부] 2024학년도 하계 도파밍 리더십 캠프 모집 안내,2024학년도 하계 도파밍 리더십 캠프 모집 안내,duplication,0.805970149,0.777777778,0.766292182
2023학년도 2학기 국가장학금 1차 신청 안내,2023년 2학기 국가장학금 1차 신청 안내,duplication,0.96,0.714285714,0.810177499
2014학년도 대학 신입생 우선면제 대상자 장학 안내,2014학년도 대학 신입생 우선면제 대상자 장학안내,duplication,0.98245614,0.625,0.750852325
2025년 도서관 곰두리 캐릭터 공모전 안내,(6/13마감) 2025년 도서관 곰두리 캐릭터 공모전 안내,duplication,0.888888889,0.857142857,0.814618568
(5/29마감) 2022학년도 1학기 「KNU 직무박람회」 개최 안내,2022학년도 1학기 KNU 직무박람회 개최 안내,duplication,0.9,0.857142857,0.743048008
(4/1마감) 2022. 1차 정보화 활용능력 향상 프로그램 운영 안내,2022. 1차 정보화 활용능력 향상 프로그램 운영 안내,duplication,0.923076923,0.888888889,0.845322722
「2025 캠퍼스 특허 유니버시아드(CPU) 대회 설명회 개최」 안내 및 홍보,‘2025 캠퍼스 특허 유니버시아드(CPU)’ 대회 설명회 개최 안내,duplication,0.931506849,0.8,0.97509211
2021학년도 2학기 강릉원주대학교 일반대학원 학점교류 안내,2021학년도 2학기 경북대학교 대학원 학점교류 운영 안내,different,0.830769231,0.444444444,0.439450318
2020-1학기 학습역량회복지원 「러닝코어」프로그램 사업 공고,[대학혁신지원사업]2020-1학기 학습역량회복지원 「러닝코어」프로그램 사업 공고,duplication,0.885714286,0.666666667,0.746382991
2009학년도 1학기 전남대학 수학안내,2009학년도 1학기 경상대학 수학안내,different,0.904761905,0.6,0.493207602
2022학년도 2학기 동국대학교 교류 수학 안내,2022학년도 2학기 전북대학교 교류 수학 안내,different,0.923076923,0.714285714,0.599604545
2022학년도 2학기 외국인 유학생 튜터링 프로그램 홍보 협조 요청,2022학년도 2학기 외국인 유학생 튜터링 프로그램 홍보 협조 요청-7.21.목까지,duplication,0.925,0.8,0.749240957
[공통] 2022-2학기 재학생 등록금 1차 추가납부기간 알림,2022학년도 2학기 재학생 등록금 1차 추가 납부기간 안내,duplication,0.8125,0.25,0.360279849
강원대학교 '2024 강원그룹 가상회사 인턴십 프로그램' 참가자 모집 안내,강원대학교 '2024 강원그룹 가상회사 인턴십 프로그램' 안내,duplication,0.901408451,0.777777778,0.951321028
2018학년도 1학기 인하대학교 교류 수학 안내,2018학년도 1학기 숙명여자대학교 교류 수학 안내,different,0.888888889,0.714285714,0.618569982
개인형 이동장치(PM) 교내 운행 전면 금지 알림,개인형 이동장치(PM) 교내 운행 전면 금지 안내,duplication,0.92,0.75,0.97427856
2021년도 1학기 일반대학원 학위논문제출자격시험 시행 추진계획,2021학년도 1학기 일반대학원 학위논문제출자격시험 시행 추진계획 알림,duplication,0.945945946,0.625,0.817208642
2016학년도 신입생 인적성검사 실시,2016학년도 신입생 인적성검사 실시 안내,duplication,0.930232558,0.8,0.990423119
2011학년도 1학기 특별장학금 선발계획 알림(4.12-4.20),2011학년도 1학기 특별장학금 선발계획 알림,duplication,0.892857143,0.666666667,0.672721736
2023학년도 교육지원 모니터 요원 모집 안내-9.15.금.18시까지,2023학년도 교육지원 모니터 요원 모집 안내,duplication,0.847457627,0.714285714,0.78880363
(5/24마감) 2025년 고교-대학 학습 동행 프로그램 대학생 멘토 모집,2025년 고교-대학 학습 동행 프로그램 대학생 멘토 모집,duplication,0.911764706,0.888888889,0.875468151
[안내]2015학년도 경력마일리지 제도 운영 재안내,2015학년도 경력마일리지 제도 운영 재안내,duplication,0.96,0.666666667,0.774446308
2022학년도 겨울 계절수업 국가유공자 본인의 계절수업료 면제 안내,2022학년도 겨울 계절수업 국가유공자（본인） 수업료 면제 안내,duplication,0.942857143,0.5,0.441632326
2014학년도 국제어학원 봄학기 영어특강,2014학년도 국제어학원 봄학기 영어특강 안내,duplication,0.936170213,0.8,0.992587288
2016 강원혁신도시 이전공공기관 합동채용설명회 안내,2016년 상반기 강원혁신도시 이전공공기관 합동채용설명회 개최 계획 안내,duplication,0.84057971,0.444444444,0.790832981
2019학년도 제5차 교내 졸업자격인증 모의토익 시험일장 안내(12.2.~12.6.),2019학년도 제5차 교내 졸업자격인증 모의토익 시험일자 안내,duplication,0.891891892,0.555555556,0.600902569
2015학년도 중국 남경농업대학 섬머스쿨 파견 신청[~6/9],2015학년도 중국 남경농업대학 섬머스쿨 파견자 선발,duplication,0.881355932,0.5,0.701153662
2021학년도 2학기 국가근로장학금 학생신청 기간 안내,2021학년도 2학기 국가근로장학금 학생신청기간 안내,duplication,0.983050847,0.571428571,0.520734981
2021 후기 조기졸업 신청 안내,[학부] 2021학년도 후기 조기졸업 신청 안내,duplication,0.857142857,0.571428571,0.725429841
두을장학재단 제 22기 두을장학생 선발 안내,[장학] 두을장학재단 제22기 두을장학생 선발 안내,duplication,0.92,0.5,0.590864819
"2024 KNU 리빙랩 메이커톤 개최 및 모집 안내-7.31.수까지,행사8.13-8.14",2024 KNU 리빙랩 메이커톤 개최 및 모집 안내,duplication,0.8,0.777777778,0.794172521
2024년도 2학기 국가근로장학금 학생신청기간 안내,2024년 2학기 국가근로장학생 장애학생도우미 신청 안내,different,0.813559322,0.222222222,0.078179499
2018학년도 2학기 경영대학 전산실 학과장특별장학생 모집 공고,2018학년도 2학기 회계학전공 사무실 학과장특별장학생 모집 공고,different,0.845070423,0.555555556,0.53402457
2021학년도 2학기 국가근로장학금 희망근로기관 신청 안내,2021-2 국가근로장학금 희망근로기관 신청 안내,duplication,0.896551724,0.571428571,0.74123769
2022학년도 여름 계절수업 경상국립대학교 교류수학 안내,2022학년도 여름 계절수업 경상국립대학교 학점교류 수학 안내,duplication,0.953846154,0.625,0.764541763
2018학년도 1학기 한양대학교 교류 수학,2018학년도 1학기 전남대학교 교류 수학 안내,different,0.857142857,0.571428571,0.611874295
2025년 상반기 한미 대학생 연수(WEST) 프로그램 참가자 모집 안내,2025년 상반기 한·미 대학생 연수 (WEST) 프로그램 참가자 모집 안내,duplication,0.987012987,0.727272727,0.670509575
2017-2학기 장학사정관제 장학금 장학생 선발계획 알림,2017-2학기 장학사정관제 장학금 장학생 선발계획 알림(~12.14),duplication,0.9375,0.714285714,0.743457593
2018 년 학생대상-인권·성평등(폭력 예방) 온라인 교육 안내,2018년 인권/성평등 (폭력 예방) 온라인 교육 안내,duplication,0.896551724,0.4,0.362047297
2020학년도 1학기 수업 기말평가 시행 안내,2020-1학기 수업 기말평가 시행 안내,duplication,0.913043478,0.571428571,0.750222251
2021- 1 고졸 후학습자 장학금(희망사다리Ⅱ유형) 신규장학생 학생신청 안내,[학부]2021학년도 1학기 고졸 후학습자 장학금(희망사다리Ⅱ유형) 신규장학생 신청 기간 안내,duplication,0.863636364,0.416666667,0.694931052
2021년 서울장학재단 희망플러스장학금 장학생 선발 안내-3.19,2021년 서울장학재단 희망플러스 장학금 장학생 선발 안내,duplication,0.939393939,0.444444444,0.421201752
"2024학년도 2학기 기말 수업평가 시행 안내(~1.7,17:00)",2024학년도 2학기 기말 수업평가 시행 안내  24.12.31~25.1.7,duplication,0.805970149,0.625,0.531358416
"""제3기 큐레이터 준비 과정"" 프로그램","""제3기 큐레이터 준비 과정"" 프로그램 홍보 협조 요청",duplication,0.808510638,0.625,0.893485153
선후배 진로지도 멘토링 프로그램 「키멘; KNU-멘토링」 신청 안내,[국립대학육성사업] 선후배 진로지도 멘토링 프로그램 「키멘; KNU-멘토링」 신청 안내,duplication,0.88,0.888888889,0.957174736
2024학년도 1학기 국가근로장학금 희망근로기관 신청 안내,2024학년도 1학기 국가장학금 2차 신청 안내,different,0.827586207,0.5,0.366090556
2023 GUCCI LUXURY JOB CONCERT 견학 참가자 모집 안내,2023 GUCCI LUXURY JOB CONCERT 견학 참가자 모집 안내 및 공결 협조  요청,duplication,0.884210526,0.692307692,0.900653915
신입생(저학년) 진로개발 프로그램 실시 안내,2014년도 신입생(저학년) 진로 개발 프로그램 실시 안내,duplication,0.846153846,0.5,0.557124149
[국립대학육성사업] 2024학년도 학생상담센터 심리건강 지킴이 「두리다리」 홍보 협조 요청.hwx,[국립대학육성사업] 2024학년도 학생상담센터 심리건강 지킴이 「두리다리」 홍보\,duplication,0.898876404,0.777777778,0.842856526
강원혈액원 헌혈우수장학금 선발공고,2013년 강원혈액원 헌혈우수장학금 선발공고,duplication,0.857142857,0.75,0.934017669
[학부]「2021년도 KNU 행복문고」프로그램 운영 안내,[춘천] 「2021년도 KNU 행복문고」 프로그램  신청 안내,duplication,0.821428571,0.2,0.131720383
2023학년도 2학기 수강신청 변경기간 및 방법  알림,[학부] 2023학년도 2학기 수강신청 과목 변경기간 및 방법 안내,duplication,0.84375,0.6,0.781356303
2022학년도 2학기 한양대학교 교류 수학 안내,2022학년도 2학기 충남대학교 교류 수학 안내,different,0.923076923,0.714285714,0.611047898
[학부]강원대학교 공자아카데미 브이로그 공모전 개최 안내,강원대학교 공자아카데미 브이로그 공모전 안내,duplication,0.905660377,0.571428571,0.694582836
2021학년도 하계 계절수업 충남대학교 교류수학 안내,2021학년도 하계 계절수업 숙명여자대학교 교류수학 안내-5.4,different,0.870967742,0.5,0.492718747
[대학혁신지원사업] 2021학년도 2학기 「학습역량강화지원 프로그램 활동 수기」 공모전 시행 공고,(1/16마감) [대학혁신지원사업] 2021학년도 2학기 「학습역량강화지원 프로그램 활동 수기」 공모전 시행 공고,duplication,0.943396226,0.909090909,0.882118609
2020학년도 1학기 본솔김종한장학재단 신규 장학생 선발 안내,2020학년도 1학기 본솔김종한장학재단 신규 장학생 선발 안내(~3.13.),duplication,0.957746479,0.75,0.801894464
(국가거점국립대학교) 2024학년도 2학기 충남대학교 교류 수학 안내,(국가거점국립대학교) 2024학년도 2학기 전북대학교 교류 수학 안내,different,0.944444444,0.75,0.718616784
2022학년도 전기(2023.2월) 본 졸업사정 실시 및 결과 확인 안내,2022학년도 전기('23.2월) 졸업사정 결과 확인 안내(온라인),duplication,0.823529412,0.363636364,0.44397666
2025 KNU 대학일자리플러스센터 「이달의 공고반」 취업캠프 모집 안내,(2/9마감) 2025 KNU 대학일자리플러스센터 「이달의 공고반」 취업캠프 모집 안내,duplication,0.938271605,0.888888889,0.878985896
[학부]「2021년도 KNU 행복문고」프로그램 운영 안내,[춘천]「2021년도 KNU 행복문고」프로그램 운영 안내,duplication,0.925925926,0.666666667,0.598058496
2019학년도 하계 계절수업 한양대학교 학점 교류 수학 안내,2019학년도 하계 계절수업 전남대학교 학점 교류 수학 안내,different,0.939393939,0.777777778,0.766309531
[안내]2018학년도 대학생 청소년교육지원사업 나눔지기 모집 안내,2018학년도 대학생 청소년교육지원사업 나눔지기 모집 안내,duplication,0.96969697,0.714285714,0.746731135
2023-1학기 재학생 등록금 2차 추가납부기간 알림,[안내]2023-1학기 재학생 등록금 2차 추가납부기간 알림,duplication,0.965517241,0.714285714,0.647252543
（국가거점국립대학교） 2023. 2학기 충북대학교 교류 수학 안내,（국가거점국립대학교） 2023. 2학기 전북대학교 교류 수학 안내,different,0.96969697,0.75,0.735012565
[웨비나 안내] Wiley 편집장과 함께하는 피어리뷰 프로세스와 출판윤리,Wiley 편집장과 함께하는 피어리뷰 프로세스와 출판윤리 강연 안내,duplication,0.826666667,0.777777778,0.896228299
2022학년도 1학기 한림대학교 일반대학원 교류 수학 안내,2022학년도 1학기 서울시립대학교 교류 수학 안내,different,0.8,0.625,0.497966571
[외교부] 2019 믹타 영 리더스 캠프 참가자 모집 협조,[외교부] 2019 믹타 영 리더스 캠프 참가자 모집,duplication,0.947368421,0.888888889,0.964624215
(국가거점국립대학교) 2023학년도 2학기 교류 수학 안내,(국가거점국립대학교) 2023학년도 2학기 제주대학교 교류 수학 안내-7.19.수.18시까지,different,0.8,0.625,0.634929922
2018학년도 헌혈우수자 장학생 선발 안내,[장학]2018년 헌혈우수자 장학생 선발 안내,duplication,0.913043478,0.666666667,0.633983354
[학부]2021년 대통령과학장학금 학생 신청 안내,2021년 대통령과학장학금 학생 신청 안내 [1학년만 해당],duplication,0.821428571,0.5,0.445622418
2024학년도 2학기 기말 수업평가 기간 안내(정정),2024학년도 2학기 기말 수업평가 안내,different,0.897959184,0.571428571,0.700397329
2017년 2학기 푸른등대 기부장학사업 신규장학생 선발 안내 [8/4(금)까지],2017년 2학기 푸른등대 기부장학사업 신규장학생 선발 안내,duplication,0.916666667,0.875,0.783380072
2016학년도 1학기 국가장학금 1차 신청기간 안내,2016학년도 1학기 국가장학금 1차 신청기간 안내(11.24~12.16.18시),duplication,0.835820896,0.714285714,0.727507147
2025학년도 여름 계절수업 가톨릭관동대학교 교류수학 안내,2025학년도 여름 계절수업 국립강릉원주대학교 교류수학 안내,different,0.830769231,0.714285714,0.534917921
2021-2학기 재학생 등록금 1차 추가납부기간 알림,2021학년도 2학기 재학생 등록금 1차 추가납부기간 안내,duplication,0.866666667,0.444444444,0.741475739
2013학년도 제주대학교 동계 계절학기 수학 안내,2013학년도 전남대학교 동계 계절학기 수학 안내,different,0.925925926,0.714285714,0.686314319
2025년 1학기 국가장학금 1차 신청 안내,2025년 1학기 국가근로장학금 학생신청기간 안내,different,0.823529412,0.375,0.33430082
2024학년도 1학기 국가근로장학금 희망근로기관 신청시 기본요건 변경 안내,2024학년도 1학기 국가근로장학금 희망근로기관 신청 안내,different,0.876712329,0.555555556,0.566131464
스마트캠퍼스 e-루리 온라인 시험 진행시 유의사항,스마트캠퍼스 e-루리 온라인 시험 진행시 학생용 유의사항 홍보 요청,duplication,0.838709677,0.666666667,0.853072695
2020학년도 2학기 동국대학교 일반대학원 학점교류 안내,2020학년도 2학기 충북대학교 학점교류 안내,different,0.821428571,0.571428571,0.523764401
"도서관(미래, 법학, 의학) 임시 휴관 안내-8. 9.(금) ~ 8. 11.(일)","도서관(미래, 법학, 의학) 임시 휴관 안내",duplication,0.8,0.5,0.769988566
2022-2학기 KNU-SOS 장학생 선발 안내,2022학년도 2학기 KNU-SOS 장학생 선발 계획 안내,duplication,0.872727273,0.5,0.634871868
2019학년도 동계 계절수업 숙명여자대학교 학점 교류 수학 안내,2019학년도 동계 계절수업 숙명여자대학교 학점교류 수학 안내,duplication,0.985507246,0.666666667,0.725186887
[공지] 1학기 해외 파견자 양성 프로그램「Global-Preview」 참가안내,1학기 해외 파견자 양성 프로그램「Global-Preview」,duplication,0.885714286,0.714285714,0.847456596
2023/24 풀브라이트 미국대학 한국어 보조강사 프로그램 안내,2023/24 풀브라이트 미국 대학원 유학 장학 프로그램 안내,different,0.805970149,0.363636364,0.477256656
(4/24마감) 2019학년도 하계 국내 실습학기제 운영 안내,2019학년도 하계 국내 실습학기제 운영 안내,duplication,0.892857143,0.857142857,0.791667519
2023학년도 2학기 [러닝코어] 프로그램 시행 공고,2023학년도 2학기 [메이저러너] 프로그램 시행 안내,different,0.8,0.5,0.540098233
&quot;책사랑 책나눔 책읽기&quot; 문화행사 개최,책사랑 책나눔 책읽기 문화행사 개최,duplication,0.826086957,0.428571429,0.482918815
2017-1학기 특별장학금 장학생 선발 안내,2017-1학기 발전기금재단 장학생 선발 안내,different,0.808510638,0.666666667,0.643728596
2018-1학기 국가장학금 2차 신청 안내,[학부] 2018-1학기 국가장학금 2차 신청 안내,duplication,0.936170213,0.833333333,0.921494775
(2023.1학기) 일본 기타미공업대학 교환학생 운영계획 알림(~11.24.),2023-1학기 일본 기타미 공업대학 교환학생 운영 계획 안내,duplication,0.852941176,0.272727273,0.310938055
[장학]2009학년도 1학기 특별장학생 선발 안내,2009학년도 1학기 특별장학생 선발계획 통보,duplication,0.84,0.25,0.361329409
2019.1학기 [무한도전 : 학생주도형 비교과 학습지원 프로그램] 안내,2019학년도 1학기 [무한도전 - 학생 주도형 비교과 학습지원 프로그램] 시행 공고,duplication,0.846153846,0.307692308,0.543576266
[육성사업_학생중심] 2024학년도 1학기 메이저러너 시행 공고(문),[육성사업_학생중심] 2024학년도 1학기 「러닝코어」 프로그램 시행 공고,different,0.816901408,0.444444444,0.58385546
공유형 이동장치(PM) 동절기 교내 한시적 운행금지에 따른 협조요청,공유형 이동장치(PM) 동절기 교내 한시적 운행금지,duplication,0.852459016,0.555555556,0.699669016
"2025년 제52기(하계) WFK PAS 청년봉사단 해외봉사 단원, 임원, 대학단일팀 모집 홍보 요청","★ 2025년 제52기（하계） WFK PAS 청년봉사단 해외봉사 단원, 임원, 대학단일팀 ＂대학추천자＂ 모집",duplication,0.884615385,0.769230769,0.88447042
국제교류프로그램 설명회 홍보,국제교류프로그램 설명회 홍보 협조요청,duplication,0.857142857,0.75,0.838398695
2020학년도 학교현장실습 대상자 수요조사 안내,2020학년도 학교현장실습 대상자 수요조사-2,duplication,0.92,0.5,0.572451086
2015학년도 하계 일본 돗토리대학 단기 어학연수 파견자 선발계획 공고,2015년도 하계 돗토리대학 단기어학연수 파견계획,duplication,0.818181818,0.166666667,0.283826965
2020-1학기 KNU핵심역량장학금 선발 계획 안내,2020년 1학기 KNU핵심역량장학 선발 안내,duplication,0.884615385,0.25,0.102347225
2023년 상반기 중남미 지역기구 파견 인턴 선발 안내,2023년 상반기 중남미 지역기구 파견 인턴 선발 안내-12.6.화까지,duplication,0.909090909,0.777777778,0.828851899
2015학년도 숙명여자대학교 여름계절학기 수학 안내,2015학년도 경상대학교 하계 계절학기 수학 안내,different,0.8,0.375,0.286972435
2014학년도 한국교원대학교 동계 계절학기 수학 안내,2014학년도 경상대학교 동계 계절학기 수학 안내,different,0.892857143,0.714285714,0.658999274
2009년 아름다운재단 실직가정 대학생 등록금 지원,2009년 아름다운재단 실직가정 대학생 마지막 등록금 지원사업 안내,duplication,0.861538462,0.555555556,0.82132138
2023-1학기 학부 재학생 교내장학금(우선감면) 안내,2023-1학기 학부 재학생 교내장학금(우선감면) 신청 안내,duplication,0.947368421,0.833333333,0.961644095
(국립대학 육성사업)문화유산 융합 영상디자인 전문가 양성 프로그램 ‘첨단과학기술과 문화유산의 만남’ 참여 안내 요청,(국립대학 육성사업)문화유산 융합 영상디자인 전문가 양성 프로그램 ‘첨단과학기술과 문화유산의 만남’ 참여 안내,duplication,0.974358974,0.923076923,0.985379377
2021학년도 1학기 중간(기말)시험 유의사항 안내,2021학년도 1학기 중간(기말)시험 학생 유의사항 안내,duplication,0.945454545,0.833333333,0.934531173
[필수] 2018년 인권.성평등(폭력 예방) 온라인 교육 안내,2018년 학생대상-인권·성평등(폭력 예방) 온라인 교육 안내,duplication,0.881355932,0.625,0.524586299
2017-2학기 우선면제 장학금 신청 안내,2017-2 우선면제 장학금 신청자 서류 제출안내,duplication,0.833333333,0.222222222,0.373580546
2023년 제1차 KB굿잡 우수기업 취업박람회 참여자 모집 안내,2023 KB굿잡 우수기업 취업박람회 참가 신청 안내,duplication,0.8125,0.363636364,0.71827575
본솔김종한장학재단 2019학년도 2학기 장학생 선발안내,본솔김종한장학재단 2019학년도 2학기 장학생 선발 안내,duplication,0.983606557,0.571428571,0.845028346
'16학년도 2학기 국내외 현장실습 신청 안내(7.8~7.21),'16학년도 2학기 국내외 현장실습 운영 안내,duplication,0.830188679,0.5,0.731680868
2017학년도 1학기 특별장학금 장학생 선발계획 안내,2017학년도 1학기 특별장학금 신청 안내,duplication,0.807692308,0.571428571,0.727526417
[공지] 2022-2학기 동국대학교 일반대학원 교류 수학 안내,2022학년도 2학기 동국대학교 일반대학원 교류 수학 안내-7.28.목까지,duplication,0.811594203,0.4,0.549806817
2020학년도 신입생 인.적성 검사 기간 연장 안내,2020학년도 신입생 인적성 검사 안내,different,0.875,0.714285714,0.829812712
2016학년도 두산연강재단 장학생 추천 의뢰,2016년도 두산연강재단 장학생 선발 안내,duplication,0.808510638,0.25,0.479653208
2016-2학기 특별장학금 장학생 선발 안내(~10/27),2016학년도 2학기 특별장학금 장학생 선발계획 안내,duplication,0.821428571,0.222222222,0.339677067
2020년 역량진단 서포터즈 시행,(8/31마감) 2020년 역량진단 서포터즈 시행 안내,duplication,0.8,0.666666667,0.79661476
2022학년도 겨울 계절수업 한국교원대학교 학점교류 수학 안내,2022학년도 겨울 계절수업 경북대학교 교류수학 안내,different,0.857142857,0.444444444,0.464478498
2022년 2학기 국가장학금 1차 신청 안내,2022학년도 2학기 국가장학금 1차 신청 안내,duplication,0.96,0.714285714,0.807395506
2022. 8월 4주(2차) 추천 채용 정보 안내,2022. 8월 3주(1차) 추천 채용 정보 안내,different,0.916666667,0.75,0.652553872
2023년 강원대학교 하반기 창업동아리 모집 안내,2023년 강원대학교 하반기 창업동아리 모집 안내 및 홍보,duplication,0.915254237,0.75,0.939009779
2009 2학기 사회봉사과목 수강신청 및 봉사활동 신청 안내,2009. 2 사회봉사과목 수강 및 봉사활동 신청 안내,duplication,0.935483871,0.6,0.846567784
2019학년도 동계 계절수업 제주대학교 학점 교류 수학 안내,2019학년도 동계 계절수업 서울대학교 학점 교류 수학 안내,different,0.939393939,0.777777778,0.782711202
2021학년도 전기 일반대학원 신입생(정원내) 모집 요강,2021학년도 전기 일반대학원 신입생(정원내) 모집 요강 안내,duplication,0.950819672,0.857142857,0.992143087
2021학년도 2학기 일반대학원 전과 신청 안내,2021학년도 2학기 일반대학원 전과 시행 안내,duplication,0.923076923,0.714285714,0.849389516
[장학] 2024학년도 2학기 KNU핵심역량 장학금 선발 안내,[학부] 2024-2학기 KNU핵심역량장학금 신청 안내,duplication,0.813559322,0.090909091,0.017844801
인공지능(AI) 학습용 데이터 구축사업 참여자 모집 기간 연장 안내,인공지능(AI) 학습용 데이터 구축사업 참여자  모집안내,different,0.888888889,0.5,0.86554848
2019년 한국사학진흥재단 청렴실천공모전 실시 안내,2019년 한국사학진흥재단 청렴실천공모전 실시 홍보 협조 요청,duplication,0.838709677,0.5,0.898556194
2024학년도 비교과마일리지 장학제도 안내,2024 비교과마일리지 장학제도 안내,duplication,0.930232558,0.6,0.849940703
[학부] 2025학년도 전과 모집 공고,2025학년도 전과 모집계획 공고 안내,duplication,0.8,0.428571429,0.630116482
(국가거점국립대학교) 2025. 1학기 경상국립대학교 교류 수학 안내,（국가거점국립대학교） 2025. 1학기 제주대학교 교류 수학 안내,different,0.911764706,0.75,0.719636865
2021학년도 2학기 국제교류 프로그램 설명회 개최,2021학년도 2학기 국제교류 프로그램 설명회 홍보,different,0.928571429,0.714285714,0.882241533
2019-1학기 재（복）학생 등록금 납부안내,2019학년도 1학기 재（복）학생 등록금 추가납부（최종） 안내,different,0.823529412,0.25,0.380116445
<2019학년도 제2회 교직 적성·인성 검사 시행 계획>안내,2019학년도 제1회 교직 적성·인성 재검사 결과 조회 안내,different,0.806451613,0.25,0.365419988
장학] 강원 사회복지공동모금회(여지영 행운터부동산컨설팅 대표) 장학생 선발,강원 사회복지공동모금회(여지영 행운터부동산컨설팅 대표) 장학생 선발 안내,duplication,0.921052632,0.75,0.944544255
2015학년도 제주대학교 하계 계절학기 수학 안내,2015학년도 서울대학교 하계 계절학기 수학 안내,different,0.925925926,0.714285714,0.698372755
[안내]2020학년도 1학기 푸른등대 삼성기부장학사업 신규 장학생 선발 안내,2020학년도 1학기 푸른등대 삼성기부장학사업 신규 장학생 선발 안내,duplication,0.974358974,0.777777778,0.78977583
2022-1학기 재학생 등록금 1차 추가납부기간 알림,2022-1학기 재학생 등록금 1차 추가납부기간 알림-3.3.(목)~4.(금) 16:00,duplication,0.848484848,0.625,0.656945193
2023학년도 창의․융합 G-bridge 교육 참가자 모집 안내,2023학년도 창의융합 G-bridge 교육 참가자 모집 안내-12.11.월까지,duplication,0.904109589,0.75,0.80686242
2023년 해외일경험지원사업 참여 청년 모집 안내,2023년 해외일경험지원사업 참여 청년 모집 안내-8.13.일까지,duplication,0.9,0.714285714,0.792658441
[대학혁신_교수학습] 2022학년도 2학기 [메이저러너] 프로그램 시행 공고,[대학혁신_교수학습] 2022학년도 2학기 [메이저러너] 프로그램 시행 공고-9.27.화까지,duplication,0.926829268,0.75,0.732109341
공지] 2016년 1학기 사랑드림 장학생 선발 안내,2016-1학기 사랑드림장학사업 신규장학생 선발 안내,duplication,0.8,0.2,0.081913366
2022학년도 2학기 교과 연계 학생주도형 비교과 학습지원 『무한도전』 공고,2022학년도 2학기 교과연계 학생주도형 비교과 학습지원 [무한도전] 공고,duplication,0.987341772,0.7,0.733679467
[춘천]「2021년도 KNU 행복문고」프로그램 운영 안내,[학사]2021년 KNU 행복문고 프로그램 운영안내,duplication,0.867924528,0.111111111,0.099508412
2020-1학기 지역사랑장학금 선발 안내,2020-1학기 지역사랑장학금 선발 계획 안내,duplication,0.933333333,0.8,0.932391671
경북지역 대표 과수 기상융합서비스 앱 개선방안 공모전 알림(대구지방기상청 주관),경북지역 대표 과수 기상융합서비스 앱' 개선방안 공모전 홍보,duplication,0.810810811,0.7,0.850283459
[강원지역혁신플랫폼] 동계 빅데이터 연구 인턴십 프로그램 학부생 모집,[강원지역혁신플랫폼] 동계 빅데이터 연구 인턴십 프로그램 학부생 모집 안내,duplication,0.96,0.888888889,0.9950764
2013 강원바이오 취업박람회 안내,2013 강원바이오엑스포 취업박람회 참여 안내,duplication,0.863636364,0.5,0.51632021
(국가거점국립대학교) 2021학년도 2학기 충북대학교 교류 수학 안내,(국가거점국립대학교) 2021학년도 2학기 경상국립대학교 교류 수학 안내,different,0.918918919,0.75,0.695371755
"[장학] 2020-1학기 국가장학금Ⅱ유형 긴급 지원(실직, 폐업) 장학생 선발 안내(~6/30(화) 18:00까지)","2020-1학기 국가장학금Ⅱ유형 긴급 지원(실직, 폐업) 장학생 선발 안내",duplication,0.840909091,0.636363636,0.764224821
2015학년도 1학기 특별장학금 장학생 선발계획(신청:5/12~22),2015학년도 1학기 특별장학금 장학생 선발,duplication,0.842105263,0.666666667,0.626648164
2020학년도 동계 계절수업시간표 및 수강신청 안내,[학부]2020학년도 동계 계절수업시간표 및 수강신청 안내,duplication,0.965517241,0.714285714,0.761737946
2021년 2학기 아시아지역(중국외) 자매대학 파견교환학생 추가 선발 안내,2021학년도 2학기 중국 자매대학 파견교환학생 선발 안내,different,0.845070423,0.5,0.518921549
2023년 강원대학교 파란사다리 사업 안내,2023년 강원대학교 파란사다리 사업(국외 연수) 안내,duplication,0.901960784,0.571428571,0.536917499
2024학년도 2학기 [좋은수업에세이] 공모전 시행 안내,2024-2학기 [좋은수업 에세이] 공모전 시행 안내,duplication,0.909090909,0.333333333,0.254545669
2013-2014 타이페이 대표부 초청 장학생 선발요강 안내,2013-2014 타이페이 대표부 초청 장학생 선발 안내,duplication,0.967741935,0.75,0.900345539
"2021 응급처치 및 심폐소생술 실습 교육 (제1,2차)","(교직) 2021학년도 응급처치 및 심폐소생술 실습 교육 안내(제1,2차)",duplication,0.875,0.5,0.521229045
2017학년도 아산사회복지재단 장학생 선발 안내,2017학년도 아산사회복지재단 장학생 선발 안내(11/9까지),duplication,0.912280702,0.666666667,0.699611106
「2022년도 KNU 인권주간」 운영 안내 및 홍보 요청,「2022년도 KNU 인권주간」운영 안내,duplication,0.816326531,0.333333333,0.363148937
(12/26마감) 2023학년도 교연비「학생지도영역 프로그램」재학생 만족도 설문  조사 참여 안내,2023학년도 교연비「학생지도영역 프로그램」재학생 만족도 설문  조사 참여 협조 요청,duplication,0.847826087,0.636363636,0.833629053
2018학년도 신입생 사전수강 지도 안내,2018학년도 신입생 수강신청 안내,different,0.829268293,0.5,0.366193357
(국가거점국립대학교) 2021학년도 2학기 경상국립대학교 교류 수학 안내-7.21,（국가거점국립대학교） 2021학년도 2학기 충남대학교 교류 수학 안내,different,0.883116883,0.555555556,0.556295148
한국어능력시험(TOPIK) 대비반 운영 홍보 협조 요청,한국어능력시험(TOPIK) 대비반 운영 안내,duplication,0.8,0.428571429,0.839328479
2019학년도 2학기 수업 중간평가 시행 안내,2019학년도 2학기 수업 중간평가 시행 안내(10/25마감),duplication,0.892857143,0.714285714,0.730512055
2020년 인권센터 서포터즈 모집 안내,2020년 인권센터 서포터즈 모집 안내_협조 요청-11.13,duplication,0.807692308,0.571428571,0.6251134
2025학년도 1학기 공주대학교 교류 수학 안내,2025학년도 1학기 공주대학교 교류 수학 일정 수정 안내,duplication,0.896551724,0.75,0.855663434
2023학년도 하계 계절수업 전북대학교 교류수학 안내-4.25.화까지,2023학년도 하계 계절수업 충남대학교 교류수학 안내,different,0.84375,0.5,0.479448447
2017년 고른기회전형(저소득층) 입학생 어학능력 향상지원 프로그램 안내,2017년 고른기회전형(저소득층) 입학생 어학능력 향상지원 프로그램,duplication,0.95890411,0.857142857,0.99582269
[학사]2022학년도 2학기 학부생 수강신청 안내,[학부] 2022학년도 1학기 학부생 수강신청 안내,different,0.901960784,0.375,0.502365009
2024학년도 1학기 현장실습학기제 운영 안내,2024학년도 1학기 표준 현장실습학기제 운영 안내,duplication,0.943396226,0.833333333,0.764820431
겨울방학 학생주도 문제해결 역량 강화 캠프 학생 모집,겨울방학 학생주도 문제해결 역량 강화 캠프 학생 모집 안내,duplication,0.950819672,0.888888889,0.99652086
2018학년도 1학기 수업 중간평가 접속방법 안내,2018학년도 1학기 수업 중간평가 시행,duplication,0.816326531,0.571428571,0.671267311
"2022학년도 「학내 마음건강 지원」 1,2학년 온라인 심리검사 운영 안내","2022학년도 학내 마음건강 지원 1,2학년 온라인 심리검사 운영 계획(안)",duplication,0.961038961,0.8,0.90542908
2019학년도 2학기 한국교원대학교 교류 수학 안내,2019학년도 2학기 동국대학교（서울） 교류 수학 안내,different,0.892857143,0.714285714,0.541742642
2020학년도 1학기 한국교원대 교류 수학 안내,2020학년도 1학기 충북대학교 교류 수학 안내,different,0.846153846,0.714285714,0.510080965
2023학년도 후기 학사학위취득유예 신청 안내,2023학년도 후기('24.8).졸업예정자 학사학위취득유예신청 안내,duplication,0.842105263,0.285714286,0.116860134
[안내]2020년도 하반기 춘천시민장학복지재단 장학생 선발 안내,2020년도 하반기 춘천시민장학복지재단 장학생 선발 안내,duplication,0.96875,0.714285714,0.611885461
2025학년도 신입생학생증 발급 안내,2025학년도 신입생 학생증 발급 안내,duplication,0.975609756,0.5,0.444287422
2018학년도 1학기 숙명여자대학교 교류 수학 안내,2018학년도 1학기 경상대학교 교류 수학 안내,different,0.888888889,0.714285714,0.604529497
2019학년도 1학기 국가근로장학사업 희망근로기간 신청안내(~2/22.18시),2019학년도 1학기 국가근로장학사업 희망근로기관 신청안내(~2.22.),duplication,0.931506849,0.428571429,0.326221858
2012년 KSD나눔재단 신규장학생 선발,2012년 KSD나눔재단 신규장학생 추천안내,duplication,0.869565217,0.6,0.77080604
2020학년도 2학기 수강과목 취소 안내,2020학년도 2학기 수강신청 과목 취소 안내,duplication,0.936170213,0.571428571,0.554713553
2025학년도 1학기 국가근로장학금 학생신청기간 안내-11.21.목.9시-12.26.목.18시까지,2025년 1학기 국가장학금 1차 신청 안내-11.21.목.9시-12.26.목.18시까지,duplication,0.873563218,0.222222222,0.516048036
강원대학교 후문 광장 명칭 공모전 안내,(12/6마감) 강원대학교 후문 광장 명칭 공모전 안내,duplication,0.875,0.857142857,0.854553548
[대학혁신지원사업]KNU Master 체험 프로그램(1人 1藝體技),[대학혁신지원사업] KNU Master 체험 프로그램(1人1藝體技) 안내-9.20,duplication,0.888888889,0.222222222,0.265709616
2021학년도 1학기 국가근로장학금 희망근로기관 신청 안내,2021학년도 1학기 국가장학금 2차 신청 안내,different,0.827586207,0.5,0.370276078
캠퍼스 내 무단방치 이륜자동차(오토바이) 강제처리 예고,캠퍼스 내 무단방치 이륜자동차(오토바이) 강제처리 예고에 따른 협조 요청,duplication,0.848484848,0.5,0.715396306
[대학혁신지원사업] KNU Master 체험프로그램(1인1예체기) 건강운동 300 2학기 재공고 안내(춘천캠퍼스),[대학혁신지원사업] KNU Master 체험 프로그램(1人1예체기) _건강운동 300_ 2학기 재공고 안내-9.2.금.18시까지,duplication,0.85,0.357142857,0.324135645
2021학년도 신입생 대상 사교육영향평가 및 대입정보 제공 욕구 설문조사 협조 요청,[안내]2021학년도 신입생 대상 사교육영향평가 및 대입정보 제공 요구 설문조사안내,duplication,0.866666667,0.428571429,0.556224698
(차세대반도체 혁신공유대학)2021학년도 2학기 서울대학교 교류 수학 안내,(차세대반도체혁신공유대학)2021학년도 2학기 포항공과대학교 교류 수학 안내,different,0.911392405,0.444444444,0.246682743
2013학년도 1학기 재학생 등록금 수납계획 알림(정규납부2.22-2.27),2013학년도 1학기 재학생 등록금 수납계획 알림,duplication,0.84375,0.714285714,0.674082497
2022 공자아카데미 봄학기 중국어강좌 개설 안내,2022 공자아카데미 봄학기 중국어강좌 안내,duplication,0.941176471,0.833333333,0.91416698
2023학년도 2학기 KNU Honors Day 행사 안내,2023학년도 2학기 『KNU Honors Day』행사 안내,duplication,0.984126984,0.625,0.560651403
[장학]2019년 중소기업 취업연계 장학사업(희망사다리) 학생 신청 안내,2019년 중소기업 취업연계 장학사업（희망사다리） 학생 신청 안내,duplication,0.971428571,0.75,0.764622539
(국가거점국립대학교) 2023학년도 2학기 전남대학교 교류 수학 안내-7.19.수까지,(국가거점국립대학교) 2023학년도 2학기 전북대학교 교류 수학 안내-7.18.화까지,different,0.928571429,0.555555556,0.443770657
2024-2학기 부.복수전공 신청 안내,24학년도 2학기 부ㆍ복수전공 신청 안내,duplication,0.829268293,0.285714286,0.108659404
2024-1 학부생 재입학 추가모집 안내,2024학년도 1학기 학부생 재입학 추가모집 계획 안내,duplication,0.823529412,0.5,0.698979481
2018학년도 하계 러닝아카데미(구수한클리닉) 사업 공고,2018학년도 하계 러닝아카데미(구수한 클리닉) 사업 공고,duplication,0.983050847,0.571428571,0.412969784
2017-2학기 장학사정관제 장학금 장학생 선발계획 알림,2017-2학기 장학사정관제 장학생 선발 안내,duplication,0.814814815,0.375,0.732483916
2020.2학기 롯데장학재단 희망멘토링 장학생 선발 안내,2020학년도 2학기 롯데장학재단 희망멘토링 장학생 선발 안내,duplication,0.9375,0.625,0.832946918
[대학원] 2025학년도 1학기 일반대학원 수강신청 안내,2025학년도 1학기 학부 수강신청 안내,different,0.823529412,0.571428571,0.625253901
"2015년 학생 대상_폭력,가정폭력 예방 온라인 교육 안내",2015년 성폭력·가정폭력 예방 온라인 교육,duplication,0.814814815,0.5,0.529001652
[필독] 2022학년도 교양 교육과정 개편에 따른 수강안내,2022학년도 교양 교육과정 개편에 따른 수강지도 안내,duplication,0.9,0.555555556,0.744491177
2016학년도 2학기 타대학교 수학 안내,2016학년도 2학기 충북대학교 교류수학 안내,different,0.893617021,0.428571429,0.292750671
[학부]2021 바이오 기능성 소재 개발 직무역량강화 교육 참여학생 모집 안내,2021 바이오 기능성 소재 개발 직무역량강화 교육,duplication,0.811594203,0.545454545,0.825401679
(필독!)2023학년도 2학기 학부 수강신청 안내,2023. 2학기 학부 수강신청 안내,duplication,0.88372093,0.666666667,0.500077697
2018년 파란사다리 장학생 선발 안내,2018년 파란사다리 장학생 선발 안내(5/4(금)까지),duplication,0.893617021,0.666666667,0.688835679
2022학년도 교직과정 및 교직 복수전공 이수 예정자 선발 안내,[제출기한 연장-필독] 2022학년도 교직과정 및 교직 복수전공 이수 예정자 선발 안내,duplication,0.875,0.818181818,0.741792757
2017학년도 2학기 학석사 연계과정 모집 안내,[2017학년도 2학기 학석사 연계과정 모집안내],duplication,0.980392157,0.571428571,0.844510473
2023학년도 2학기 학부 수강신청 일정 안내,2023학년도 2학기 수강신청 및 시간표 안내,duplication,0.8,0.5,0.543759571
2025년 강원대학교 파란사다리 사업 안내 및 홍보,2025년 강원대학교 파란사다리 사업 운영 안내,duplication,0.851851852,0.625,0.876957786
강원대생 건강검진 실시 안내,강원대생 건강검진 실시 안내(수정),different,0.9375,0.6,0.844595394
2019년도 대산농촌재단 장학생 선발 안내,2019년 아산사회복지재단 장학생 선발 안내,different,0.808510638,0.428571429,0.229898495
[강원지역혁신플랫폼 대학교육혁신본부] 2023학년도 동계 영어몰입 Clinic （토익） 프로그램 모집 안내,[강원지역혁신플랫폼 대학교육혁신본부] 2023학년도 동계 영어몰입 Clinic(토익) 프로그램 안내,duplication,0.962264151,0.636363636,0.658855508
2023학년도 후기 학위수여식 계획 안내,2023학년도 후기 학위수여식 계획 안내（24.08 졸업),duplication,0.862745098,0.571428571,0.623627546
2020-1학기 지역사랑장학금 선발 안내,2020-1학기 지역사랑장학금 선발 계획 안내,duplication,0.933333333,0.8,0.932391671
2021학년도 동계 계절수업 개강 후 취소기간 안내,2021학년도 동계 계절수업 개강 후 취소기간 및 취소절차 안내,duplication,0.888888889,0.777777778,0.817124431
2024학년도 1학기 서울시립대학교 교류 수학 안내,2024학년도 1학기 전남대학교 일반대학원 교류 수학 안내,different,0.8,0.625,0.552502097
2021학년도 하계 계절수업 한국교원대학교 교류수학 안내,2021학년도 하계 계절수업 인하대학교 교류수학 안내,different,0.9,0.714285714,0.63725093
2015 강원대학교 캡스톤디자인 경진대회 개최 안내,2015강원대학교 캡스톤디자인 경진대회 개최 안내,duplication,0.981818182,0.571428571,0.509726868
2019학년도 1학기 수업 기말평가 안내,2019학년도 1학기 수업 기말평가 시행 안내,duplication,0.936170213,0.833333333,0.922578213
2022년 1학기 리더스 취업스터디 모집 안내,2022-1학기 [리더스 취업스터디]모집 안내,duplication,0.936170213,0.25,0.324063304
LINC+ 사업단 창업아이디어(코너스톤 연계) 프로그램 참여 안내,LINC+ 사업단 창업아이디어(코너스톤 연계) 프로그램 안내,duplication,0.952380952,0.857142857,0.952888845
2018학년도 일본 오미후루사토회 해외파견 자원봉사자 모집,2018학년도 일본 오미후루사토회 해외파견 자원봉사자 모집 안내,duplication,0.955223881,0.857142857,0.99439412
2021학년도 동계 계절수업 전남대학교 교류수학 안내,2021학년도 동계 계절수업 경상국립대학교 교류수학 안내,different,0.9,0.714285714,0.628692527
2015.2학기 장학사정관제장학금 장학생 선발 계획,2015­2학기 장학사정관제 장학금 장학생 선발계획 알림,duplication,0.912280702,0.222222222,0.349849973
2013년도 전반기 중국어권 자매대학 교환학생 파견 대상자 선발계획,2013년도 전반기 일본 자매대학 교환학생 파견 대상자 선발계획 안내,different,0.88,0.7,0.835936902
2019학년도 1학기 일반대학원 학·석사 연계과정 모집 안내,2019학년도 1학기 학ㆍ석사 연계과정 모집 안내,duplication,0.881355932,0.625,0.560214167
[대학혁신지원사업] 2020학년도 2학기 「좋은수업에세이」 공모전 시행 공고,[대학혁신지원사업] 2020학년도 2학기 「좋은수업에세이」 공모전,duplication,0.914285714,0.714285714,0.89164348
2020학년도 1학기 재학생 학자금(생활비) 우선 대출 기간 안내,2020학년도 1학기 재학생 학자금(생활비) 우선 대출 기간 안내(1.28~2.17),duplication,0.918918919,0.777777778,0.847096697
2018-1학기 교내우선면제장학 배정안내,2018-1학기 우선면제장학금 신청 안내,duplication,0.80952381,0.166666667,0.2368463
"2022학년도 3,4학년 대상 온리안 심리검사 운영 안내","2022년 3,4학년 대상 온라인 심리검사 운영 안내",duplication,0.896551724,0.555555556,0.629356826
강원대학교 산학협력통합정보시스템(UNI-ON) B. I. 아이디어 공모 개최 계획,강원대학교 산학협력통합정보시스템(UNI-ON) B. I. 아이디어 공모 개최 계획-5.31.금.18시까지,duplication,0.898876404,0.777777778,0.746716093
2023-1학기 KNU-SOS장학금 신청 안내,2023-1학기 KNU-SOS 장학생 선발 계획 안내,duplication,0.8,0.25,0.316379917
2024년 1학기 아시아 권역 자매대학 파견 교환학생 선발 안내-9.14.목.14시까지,2024년 1학기 아시아 권역 자매대학 파견 교환학생 선발 안내,duplication,0.886075949,0.8,0.850287955
2017학년도 하계 전북대학교 계절수업 교류 수학 안내,2017학년도 하계 충북대학교 계절수업 교류 수학안내,different,0.949152542,0.444444444,0.509095363
2020년 서울희망 대학 장학금 장학생 모집 안내,2020년 서울장학재단 <서울희망 대학 장학금> 장학생 모집 안내,duplication,0.885245902,0.875,0.86159231
강원대학교 '제약·바이오 품질분석 전문가과정' 참가자 모집-마감,'제약·바이오 품질분석 전문가과정' 참가자 모집 안내,duplication,0.807017544,0.5,0.833428022
2015-2016학년도 장·단기 해외어학연수 추가 선발[~10/27],2015-2016학년도 장·단기 해외어학연수 추가선발 계획 안내,duplication,0.830769231,0.375,0.652713883
[대학혁신지원사업] 2021학년도 다전공 베스트 포트폴리오 공모전 안내,2021학년도 다전공 베스트 포토폴리오 공모전 안내,duplication,0.830769231,0.625,0.610845604
2021학년도 2학기 [무한도전: 학생 주도형 비교과 학습지원 프로그램] 공고,2021학년도 2학기 [무한도전_ 학생 주도형 비교과 학습지원 프로그램] 공고,duplication,0.987654321,0.8,0.753720674
2023학년도 2학기 경북대학교 일반대학원 교류 수학 안내,2023학년도 2학기 서울대학교 교류 수학 안내,different,0.827586207,0.625,0.58375224
(1/14마감) 2021년도 겨울학기 한국어연수과정 버디 프로그램 참가자 모집 안내,2021년도 겨울학기 한국어연수과정 버디 프로그램 참가자 모집,duplication,0.883116883,0.777777778,0.859290523
2024-1 신입생 RC [Chat-GPT 활용교육] 프로그램 운영 안내,(3/22마감) 2024학년도 1학기 신입생 RC [Chat-GPT 활용교육] 프로그램 운영 안내,duplication,0.857142857,0.636363636,0.750333697
2018학년도 1학기 숙명여자대학교 교류 수학 안내,2018학년도 1학기 인천대학교 교류 수학 안내,different,0.888888889,0.714285714,0.615247016
2022. 10월 2주 추천 채용 정보 안내,2022. 10월 4주(2차) 추천 채용 정보 안내,different,0.916666667,0.75,0.667123975
2024학년도 2학기 가송재단 신규장학생 신청 안내,2024학년도 2학기 가송재단 신규장학생 선발 안내,duplication,0.928571429,0.714285714,0.910191905
2024학년도 하계 계절수업 국립부경대학교 교류수학 안내,2024학년도 여름 계절수업 충남대학교 교류수학 안내,different,0.833333333,0.5,0.427799129
JOB카페(잡카페) 취업지원도서 무료 배부 안내,JOB카페(잡카페) 과년도 취업지원도서 무료 배부,duplication,0.857142857,0.666666667,0.852521544
2021학년도 2학기 외국인 유학생 튜터링 프로그램 홍보 협조 요청,2021학년도 2학기 외국인 유학생 튜터링 프로그램 참가자 모집,duplication,0.833333333,0.545454545,0.78581488
2021학년도 1학기 중소기업 취업연계 장학사업（희망사다리Ⅰ 유형） 신규 장학생 신청기간 안내,[장학] 2021학년도 1학기 중소기업 취업연계 장학사업(희망사다리Ⅰ유형) 신규장학생 학생신청 안내(~ 4/2(금) 18시까지 연장),duplication,0.807017544,0.294117647,0.284749264
대학일자리센터 특화프로그램 _공모전 대비 온라인 특강-실전편 안내,대학일자리센터 특화프로그램 _공모전 대비 온라인 특강-실전편_ 안내-11.4(온라인선착순신청),duplication,0.853658537,0.555555556,0.629974566
2021-1 무한도전 학생주도형 비교과 학습지원 프로그램 신청,2021년 1학기 [무한도전 학생주도형 비교과 학습지원프로그램] 공고,duplication,0.869565217,0.272727273,0.55284999
2023학년도 2학기 동국대학교 일반대학원 교류 수학 안내,2023학년도 2학기 서울대학교 교류 수학 안내,different,0.827586207,0.625,0.571253746
"""고른기회전형 입학생 해외 문화 탐방"" 참가 신청 안내",[학부] 고른기회전형 입학생 해외 문화 탐방 참가 신청 안내(~11.13.),duplication,0.888888889,0.7,0.859602596
「2021 대학 교수·학습 과정에 관한 설문조사」실시 안내,2021 대학 교수·학습 과정에 관한 설문조사」실시 요청,duplication,0.931034483,0.75,0.96440857
2019-2020 브루나이 정부 초청 장학생 선발 안내,2019-2020 중국 정부 초청 장학생 선발 안내,different,0.892857143,0.75,0.791747401
2018학년도 하계 계절수업 전남대학교 학점 교류 수학 안내,2018학년도 하기 계절수업 제주대학교 학점 교류 수학 안내,different,0.909090909,0.6,0.594677442
2021 창업동아리 모집 홍보,2021 창업동아리 모집  안내,duplication,0.875,0.6,0.892899406
2023년도 학생·교직원 e-루리 장애인식개선교육(법정의무교육) 수강 안내,[필수]2023년도 학생 대상 장애인식개선교육(법정의무교육) 안내,duplication,0.811594203,0.222222222,0.288900392
<2024학년도 전기 학사학위취득유예 신청 및 접수 안내>,[학사] 2024학년도 전기 학사취득유예 신청 및 접수 안내,duplication,0.918032787,0.666666667,0.49311832
2015년 하계 국제워크캠프 해외파견 봉사자 모집,[안내] 2015년 하계 국제워크캠프 해외파견 봉사자 모집,duplication,0.947368421,0.857142857,0.994379196
2019 하계 국내 현장실습 참가희망자 모집 안내,SW중심대학사업단 2019 하계 국내 현장실습 참가희망자 모집 안내,different,0.84375,0.875,0.871904641
2023년 1학기 발전기금재단 「정강 장학회」 장학생 선발 안내(~3/13),2023년 1학기 발전기금재단 「정강 장학회」 장학 신청 안내,duplication,0.882352941,0.454545455,0.702359129
2021학년도 하계 비교과 프로그램 운영,2021년 하계 비교과 프로그램운영 안내,duplication,0.863636364,0.25,0.418744122
'레고랜드코리아' 2022학년도 1학기 현장실습학기제 2차 설명회 참여 학생 모집,"'레고랜드코리아' 2022학년도 1학기 현장실습학기제 2차 설명회 참여 학생 모집 안내-12.21.화.14시,글로벌경영관105호",duplication,0.803738318,0.9,0.824134452
(국가거점국립대학교) 2023학년도 2학기 제주대학교 교류 수학 안내,(국가거점국립대학교) 2023학년도 2학기 경북대학교 교류 수학 안내,different,0.944444444,0.75,0.71327602
2022학년도 동계 계절수업 인천대학교 교류수학 안내,2022학년도 동계 계절수업 제주대학교 교류수학 안내,different,0.931034483,0.714285714,0.635423023
2021 파란사다리 사업 안내,2021년 파란사다리 사업 안내,duplication,0.96969697,0.6,0.733136934
2021년도 KNU 동계 부트캠프 프로그램 참가 신청 안내,(1/7마감) 2021년도 KNU 동계 부트캠프 프로그램 참가 신청 안내,duplication,0.927536232,0.888888889,0.818750387
[학부]2021 하반기 건강보험심사평가원 채용공고 분석 특강 참가자 모집 안내,2021 하반기 건강보험심사평가원 채용공고 분석 특강 참가자 모집 안내,duplication,0.975,0.8,0.836749436
신입생 인증용 온라인교육 이수안내,도서관 신입생 인증용 온라인교육 이수안내,duplication,0.9,0.8,0.957244154
2025학년도 1학기 학·석사 연계과정 모집 안내,2025학년도 1학기 학·석사 연계과정 모집 안내( ~ 10/18(금)까지),duplication,0.866666667,0.857142857,0.729031869
2016학년도 1학기 숙명여자대학교 수학 안내,2016학년도 1학기 강릉원주대학교 수학 안내,different,0.84,0.666666667,0.55449624
2020-2학기 재학생 분할납부 4차 및 미등록자추가 등록금 수납 알림,[학부]2020-2학기 재학생 분할납부 4차 및 미등록자추가 등록금 수납 알림,duplication,0.974358974,0.8,0.806448315
집단프로그램 참여자 모집 안내,집단 프로그램 참여자 모집,duplication,0.866666667,0.333333333,0.307119639
2학기 학생 무료 건강검진 실시 안내,강원대학교 학생 무료 건강검진 실시 안내,duplication,0.857142857,0.714285714,0.90546226
전동형 킥보드 등 개인형 이동장치 안전운행 설문조사 참여 안내,전동형 킥보드 등 개인형 이동장치 안전운행 설문조사 안내,duplication,0.953846154,0.888888889,0.975151377
[학부]2021 후기 한일 공동 고등교육 유학생 교류사업 학부 1년 과정 및 석·박사 학위과정 장학생 추천자 선발 안내,2021 후기 한일 공동 고등교육 유학생 교류사업 학부 1년 과정 및 석·박사 학위과정 장학생 추천자 선발 안내,duplication,0.983870968,0.888888889,0.929783152
2025학년도 1학기 해외파견 프로그램 및 홍보 설명회 운영일정 사전 안내 홍보 협조 요청,2025학년도 1학기 해외파견 프로그램 및 홍보 설명회 운영일정 사전 안내,duplication,0.901098901,0.833333333,0.919984835
2022 신입생을 위한 학습역량강화특강 신청 안내,2022학년도 [신입생을 위한 학습역량강화특강],duplication,0.823529412,0.428571429,0.822988246
[학부]2021년 제12기 사회리더 대학생 멘토링 멘티모집 안내,2021년 제12기 사회리더 대학생 멘토링 멘티모집 안내,duplication,0.96875,0.75,0.857967043
[안내]2018년 동계 단기 해외어학연수생 선발안내,2018학년도 동계 단기 해외어학연수생 선발안내,duplication,0.923076923,0.666666667,0.761296522
백령스포츠센터 『제한적 확대 운영』에 따른 안내,백령스포츠센터 제한적 확대 운영 안내,duplication,0.909090909,0.571428571,0.79309974
2015학년도 2학기 충북대학교 수학 안내,2015학년도 2학기 세종대학교 수학 안내,different,0.913043478,0.666666667,0.549221594
2017학년도 1학기 경북대학교 교류 수학 안내,2017학년도 1학기 전북대학교 교류 수학 안내,different,0.961538462,0.714285714,0.637069924
2022학년도 2학기 중간 수업평가 시행 안내,[학부] 2022-2학기 중간 수업평가 시행 안내,duplication,0.857142857,0.5,0.725359067
적외선분광기(FT-IR) 세미나 안내,﻿적외선 분광기(FT-IR) 세미나﻿,duplication,0.875,0.2,0.174624797
2024학년도 겨울 계절수업 세종대학교 교류수학 안내,2024학년도 겨울 계절수업 국립부경대학교 교류수학 안내,different,0.9,0.714285714,0.61313215
2015년 1학기 한국장학재단 학자금지원 '가구원 사전동의' 신청,'15년 1학기 한국장학재단 학자금지원 '가구원 사전동의' 홍보 요청,duplication,0.898550725,0.5,0.791860207
강원대학교 학생 무료 건강검진 실시 안내,2학기 학생 무료 건강검진 실시 안내,duplication,0.857142857,0.714285714,0.90546226
"캠퍼스간(춘천<->삼척, 도계) 교양과목 교차 수강신청 실시 안내","캠퍼스간(춘천_-_삼척, 도계) 교양과목 교차 수강신청 실시 안내",duplication,0.967741935,0.75,0.717162059
강원대학교 학생홍보대사 가온 모집 안내,[모집]강원대학교 홍보대사 [가온] 모집 안내,duplication,0.904761905,0.428571429,0.387654663
2022학년도 교·사대생 등 대학생 튜터링 사업 장학생 모집 안내,"2022학년도 교,사대생 등 대학생 튜터링 사업 튜터 모집 안내",duplication,0.927536232,0.8,0.811906618
2015년 동계 월드프렌즈 청년봉사단 31기 단원 모집,2015년 월드프렌즈 청년봉사단 31기 단원 모집,duplication,0.947368421,0.857142857,0.964691359
2020-1학기 KNU-SOS장학생 선발,2020-1학기 KNU-SOS 장학생 선발 안내,duplication,0.909090909,0.333333333,0.454299391
2020년 1학기 국가근로장학사업 학생신청기간 안내,2020학년도 1학기 국가근로장학사업 학생신청기간 안내-11.19-12.17,duplication,0.848484848,0.428571429,0.615350691
(5/29마감) 춘천시청년청 청년정책LAB 제3기 청년연구활동가 모집 홍보 안내,춘천시청년청 청년정책LAB 제3기 청년연구활동가 모집 홍보 안내,duplication,0.921052632,0.875,0.883159912
[안내]2016년 월드프렌즈 청년봉사단 32기 단원 모집,2016학년도 월드프렌즈 청년봉사단 32기 단원 모집,duplication,0.931034483,0.714285714,0.826044898
2022학년도 미래융합가상학과·연계전공 연장 허가 및 폐지 공고,2022학년도 미래융합가상학과 및 연계전공 연장허가 공고,duplication,0.861538462,0.3,0.124231397
2014학년도 2학기 충남대학교 교류수학 안내,2014학년도 2학기 한국교원대학교 교류수학 안내,different,0.884615385,0.666666667,0.585408182
2014학년도 충북대학교 동계 계절학기 수학 안내,2013학년도 전북대학교 하계 계절학기 수학 안내,different,0.888888889,0.333333333,0.36494729
"2024 강원대학교 대학교수,학습 혁신에 관한 설문조사 안내(학생)",「2024 강원대학교 대학 교수·학습 혁신에 관한 설문조사」 안내,duplication,0.955223881,0.5,0.581220231
﻿2021학년도 하계 계절수업（단기해외어학연수） 학점인정 신청 안내,2021학년도 하계 계절수업 해외어학연수 학점인정 신청 안내-3.31,duplication,0.914285714,0.444444444,0.432802919
2018학년도 2학기 경상대학교 교류 수학 안내,2018학년도 2학기 부산대학교 교류 수학 안내,different,0.923076923,0.714285714,0.612054527
2022학년도 후기 일반대학원  조경학과 신입생(정원내) 모집,2022학년도 후기 일반대학원 신입생(정원내) 모집 안내,different,0.866666667,0.714285714,0.731853689
2021년 헌혈우수자 장학생 선발 안내,2021년 헌혈우수자 장학생 선발 안내-11.3.수까지,duplication,0.875,0.666666667,0.70427507
2022년 11월 4주(1차) 추천 채용 정보 안내,2022년 11월 3주(2차) 추천 채용 정보 안내,different,0.923076923,0.75,0.657099051
(4/24마감) 청년친화형 기업 ESG 지원 사업 'Remote Internship' 프로그램 신청 재안내(기간 연장),청년친화형 기업 ESG 지원 사업 'Remote Internship' 프로그램 신청 재안내(기간 연장),duplication,0.946428571,0.916666667,0.919128183
2020-2학기 지역사랑장학금 장학생 추가선발 안내,2020-2학기 지역사랑장학금 추가선발 안내,duplication,0.92,0.8,0.9547741
2024학년도 겨울 계절수업 충남대학교 교류수학 안내,2024학년도 겨울 계절수업 동국대학교 교류수학 안내,different,0.931034483,0.714285714,0.677701714
2021 공자아카데미 겨울학기 중국어강좌 개설 안내,2022 공자아카데미 겨울학기 중국어강좌 안내,different,0.930232558,0.8,0.899119471
"2023학년도 응급처치 및 심폐소생술 실습 교육 안내(제5,6차)","2023학년도 응급처치 및 심폐소생술 실습 교육 안내(제5차, 제6차)",duplication,0.947368421,0.875,0.938388973
2021년 서울장학재단<서울희망 대학 장학금> 장학생 모집 안내,[학부] 2021년 서울장학재단 <서울희망 대학 장학금> 장학생 모집 안내,duplication,0.935483871,0.6,0.401371945
(대학혁신지원사업) 교양교육원 글쓰기센터 우수글쓰기 공모전,(대학혁신지원사업) 교양교육원 글쓰기센터 우수글쓰기 공모전 홍보 요청,duplication,0.909090909,0.714285714,0.924340619
2020학년도 후기 조기졸업 신청 안내,2020학년도 후기 (2021.8월) 조기 졸업 신청 안내,duplication,0.918918919,0.5,0.377650611
2014년 1학기 국가장학금 신청기간 안내,2014년 1학기 국가장학금 신청기간 안내(신청기간:12.19-1.14),duplication,0.9,0.666666667,0.707575391
강원대학교 학생홍보대사 '가온' 모집 안내,강원대학교 학생홍보대사 _가온_ 모집 안내,duplication,0.954545455,0.666666667,0.523539832
2021 LINC+ 사업단 1-DAY 모의면접 캠프 일정 변경 및 참여 학생 추가 모집 안내,"2021 LINC+ 사업단 1-DAY 모의면접 캠프 일정 변경 및 참여 학생 추가 모집 안내-신청11.8까지,행사11.12",duplication,0.934782609,0.857142857,0.855945793
2024학년도 여름 계절수업 시간표 및 수강신청 안내( 5/8(수) ~ 5/10(금)),2024학년도 여름 계절수업 시간표 및 수강신청 안내,duplication,0.925925926,0.777777778,1
교직과목 수강신청 안내자료,교직과목 수강신청 안내 자료,duplication,0.965517241,0.4,0.705626991
2022학년도 교직과정 및 교직 복수전공 이수 예정자 선발 안내,2022학년도 교직과정 및 교직 복수전공 이수 예정자 선발 안내(1/26(수)까지 신청),duplication,0.911764706,0.727272727,0.886824261
2018학년도 상반기 IPP형 장기현장 실습 집중 모집기간 운영 안내,2018년도 상반기 IPP형 장기현장 실습 집중 모집기간 운영 안내(~3/8),duplication,0.985074627,0.8,0.973627292
2023학년도 1학기 지역문제해결 소셜링테크 교육 모집 안내,[LINC사업단]2023학년도 1학기 지역문제해결 소셜링테크 교육 모집 안내,duplication,0.888888889,0.75,0.821843072
2023년 대학생 현장실습학기제 참가자 모집 안내,2023년 대학생 현장실습학기제 참가자 모집안내,duplication,0.977777778,0.571428571,0.785474276
2022학년도 1학기 일본어권 대학 교환학생 파견프로그램 운영계획 알림-10.29.금까지,2022학년도 1학기 일본어권 대학 교환학생 파견프로그램 운영계획 알림,duplication,0.957746479,0.777777778,0.824283016
<제25기 미래에셋 해외 교환장학생 선발 안내(2020년 봄학기 파견 대비),제25기 미래에셋 해외교환 장학생 선발 안내(2020년 봄학기 파견 대비),duplication,0.96969697,0.636363636,0.722648897
[강원대 KNU창업진흥원] 2024년 제7회 강원 창업 탄탄대로 경진대회 참가자 모집 안내 및 홍보 협조 요청,[강원대 KNU창업진흥원] 2024년 제7회 강원 창업 탄탄대로 경진대회 참가자 모집 안내 및 홍보,duplication,0.941176471,0.866666667,0.941524377
2015학년도 충남대학교 하계 계절학기 수학 안내,2015학년도 서울대학교 하계 계절학기 수학 안내,different,0.913043478,0.714285714,0.650497872
2019학년도 하계 계절수업 충남대학교 학점 교류 수학 안내,2019학년도 하계 계절수업 경상대학교 학점 교류 수학 안내,different,0.931034483,0.777777778,0.727208448
(국가거점국립대학교) 2023학년도 2학기 교류 수학 안내,(국가거점국립대학교) 2023학년도 2학기 제주대학교 교류 수학 안내,different,0.892857143,0.857142857,0.822162272
[코로나19 예방] 강원대학교 대면강의 기본방역 대응 매뉴얼 홍보자료 안내,［코로나19예방］강원대학교 대면강의 기본방역 대응 매뉴얼 홍보자료(카드뉴스) 안내,duplication,0.921052632,0.454545455,0.589626864
2020 창업동아리 추가 모집 안내문,2020 창업동아리 추가 모집 안내,duplication,0.965517241,0.6,0.764704657
2017학년도 하계 전북대학교 계절수업 교류 수학 안내,2017학년도 하계 경북대학교 계절수업 교류 수학 안내,different,0.961538462,0.75,0.664838999
（국가거점국립대학교）2021학년도 2학기 경북대학교 교류 수학 안내,(국가거점국립대학교) 2021학년도 2학기 충남대학교 교류 수학 안내,different,0.918032787,0.444444444,0.338840636
2016학년도 2학기 충북대학교 수학 안내,2016학년도 2학기 전북대학교 수학 안내,different,0.944444444,0.666666667,0.418544757
2018학년도 2학기 경상대학교 교류 수학 안내,2018학년도 2학기 부산대학교 교류 수학 안내,different,0.904761905,0.714285714,0.530254773
(1/14마감) [강원지역혁신플랫폼 대학교육혁신본부] 2023학년도 동계 영어몰입 Clinic(토익) 프로그램 안내,[강원지역혁신플랫폼 대학교육혁신본부] 2023학년도 동계 영어몰입 Clinic(토익) 프로그램 홍보 요청,duplication,0.9,0.636363636,0.900483584
2018학년도 예비 기술(지식) 청년창업자 육성사업 모집,2018 예비 기술(지식) 청년창업자 육성사업 모집,duplication,0.913043478,0.833333333,0.991704233
2021학년도 1학기 성적처리 일정 및 평가방법 안내,2021학년도 1학기 성적처리 일정 및 평가 방법 안내,duplication,0.979591837,0.666666667,0.536175258
2022학년도 겨울 계절수업 경북대학교 학점교류 수학 안내,2022학년도 겨울 계절수업 한국교원대학교 학점교류 수학 안내,different,0.896551724,0.75,0.710880761
2025년 강원대학교 하계 해외봉사단원 모집 홍보,2025년 강원대학교 하계 해외봉사단원 모집 안내,duplication,0.913043478,0.714285714,0.932864053
[학사] 2022학년도 1학기 스마트 캠퍼스 e-루리 학습자 사용안내서 배포,2022학년도 1학기 스마트 캠퍼스 e-루리 학습자 사용안내서 배포,duplication,0.953846154,0.888888889,0.947587157
2020-1학기 본솔김종한장학재단 신규 장학생 선발 안내,2020학년도 1학기 본솔김종한장학재단 신규 장학생 선발 안내,duplication,0.925925926,0.857142857,0.985704615
2024학년도 전기 학사학위취득유예 신청 및 접수 안내,2024학년도 전기 학사학위취득유예 신청 안내,duplication,0.893617021,0.714285714,0.846179618
2021년 2학기 발전기금재단 독지가 장학생 선발 안내,2021년 2학기 강원대 발전기금재단 독지가 장학생 선발 안내,duplication,0.925925926,0.875,0.891955258
[장학]2018년 헌혈우수자 장학생 선발 안내,2018년 헌혈우수자 장학생 선발 안내,duplication,0.944444444,0.666666667,0.794148427
2020학년도 언어연수과 가을학기 외국어 강좌 안내,2020학년도 언어연수과 가을학기 외국어 강좌,duplication,0.933333333,0.833333333,0.993135167
[강원지역혁신플랫폼 정밀의료사업단] 2023 강원 티토워크숍 및 정밀의료 아이디어톤 안내,[강원지역혁신플랫폼 정밀의료사업단] 2023 강원 티토워크숍 및 정밀의료 아이디어톤,duplication,0.962962963,0.875,0.9962322
2017학년도 동계 국외 현장실습 모집 안내,[현장실습] 2017학년도 동계 국외 현장실습 모집 안내,duplication,0.888888889,1,0.943655694
LINC사업단 취업주간 [LINC Career Week] 개최,LINC사업단 취업주간(LINC Career Week) 개최,duplication,0.984126984,0.571428571,0.550146924
2019 교육지원 모니터 요원 모집 안내,2019학년도 교육지원 모니터 요원 모집 안내,duplication,0.894736842,0.833333333,0.987758064
（국가거점국립대학교） 2023. 2학기 서울대학교 교류 수학 안내,（국가거점국립대학교） 2023. 2학기 경상국립대학교 교류 수학 안내,different,0.892857143,0.714285714,0.664625165
2023학년도 여름 계절수업 국가유공자 본인의 계절수업료 면제 안내,(6/29마감) 2023학년도 여름 계절수업 국가유공자 본인의 계절수업료 면제 안내,duplication,0.956521739,0.888888889,0.960622248
2019년 제20기 동계 대학생 재능봉사 캠프 사업 대학생 멘토 모집 안내,『2019년 제20기 동계 대학생 재능봉사 캠프 사업』 대학생 멘토 모집 공고（수정공고）,different,0.891891892,0.818181818,0.833449809
2021학년도 1학기 수업 기말평가 시행 안내,2021학년도 1학기 수업 기말평가 시행,duplication,0.918918919,0.833333333,0.989299277
2017학년도 하계 계절학기 사회봉사과목 수강 및 봉사활동 신청 안내,2017 하계 계절학기 사회봉사과목 수강 및 봉사활동 신청 안내(5.10.8시~5.12.17시),duplication,0.909090909,0.7,0.802219722
2015학년도 2학기 학부생 재입학 모집계획 알림,2015학년도 2학기 학부생 재입학 모집계획(신청:~7/17),duplication,0.88372093,0.571428571,0.478890643
'레고랜드코리아' 2022-1학기 현장실습학기제 2차 설명회 참여 학생 모집,'레고랜드코리아' 2022학년도 1학기 현장실습학기제 2차 설명회 참여 학생 모집 안내,duplication,0.904109589,0.8,0.982860145
2025학년도 2학기 학·석사 연계과정 모집 안내,2025학년도 2학기 학·석사 연계과정 모집 안내-4.11.금까지,duplication,0.933333333,0.714285714,0.837522407
2023학년도 1학기 한양대학교 교류 수학 안내,2023학년도 1학기 전북대학교 교류 수학 안내,different,0.904761905,0.714285714,0.547357336
2023학년도 1학기 미래의동반자재단 CHUBB Innovation Fund 장학생 선발 안내-11.14.월.18시까지,2023학년도 1학기 미래의 동반자 재단 CHUBB Innovation Fund 장학생 선발 안내,duplication,0.94,0.538461538,0.600376309
2025학년도 대학원생 논문게재 장려금 지원사업 신청 안내(+수정),2025학년도 연구원과정생 논문게재 장려금 지원사업 신청 안내(+수정),different,0.903225806,0.75,0.831788398
"2016 신입생을 위한 온라인 심리검사(성격,진로검사) 실시 안내","2016 신입생을 위한 온라인 심리검사(성격,진로검사) 실시",duplication,0.943396226,0.833333333,0.994114561
2021학년도 2학기 롯데장학재단 멘토링 장학생 선발 안내,2021학년도 2학기 롯데장학재단 멘토링 장학생 선발 안내-6.1.화까지,duplication,0.947368421,0.75,0.837995502
2022학년도 여름 계절수업 숙명여자대학교 교류수학 안내,2022학년도 여름 계절수업 전남대학교 교류수학 안내,different,0.884615385,0.714285714,0.648977439
에너지신산업분야  혁신공유대학   2023학년도 1학기 부산대학교 교류 수학 안내,[에너지신산업 혁신공유대학] 2023학년도 1학기 한양대학교 교류 수학 안내-1.26.목까지,different,0.88,0.454545455,0.435329109
[국립대학육성사업] 2025-1학기 「문해력 빌드업 프로그램」 참가팀 모집 안내,[국립대학육성사업] 2025-1학기 「문해력 빌드업 프로그램」 참가팀 모집 안내-4.29.화.18시까지,duplication,0.944444444,0.777777778,0.893534962
2023년 1학기 국가장학금 1차 신청 안내,2023학년도 1학기 국가장학금 1차 신청 안내,duplication,0.947368421,0.714285714,0.957352568
2017학년도 2학기 학부생 재입학 모집 계획 알림,2017학년도 2학기 학부생 재입학 모집 계획 안내,duplication,0.913043478,0.75,0.927030429
2022학년도 1학기 KNU핵심역량장학금 선발 계획 안내(연장),2022학년도 1학기 KNU핵심역량장학금 선발 계획 안내,different,0.962962963,0.714285714,0.72171768
2021학년도 동계 계절수업 동국대학교 서울캠퍼스 교류수학 안내-11.12.금까지,2021학년도 동계 계절수업 동국대학교 서울캠퍼스 교류수학 안내,duplication,0.953846154,0.75,0.906069064
2020학년도 교내 졸업자격인증 모의토익 시험 운영 계획 안내,2020학년도 교내 졸업자격인증 모의토익 시험 운영계획 안내,duplication,0.983050847,0.666666667,0.803557927
2025학년도 1학기 아시아권 교환학생 파견프로그램 참가자 모집,(10/24마감) 2025학년도 1학기 아시아권 교환학생 파견프로그램 참가자 모집,duplication,0.952380952,0.875,0.938020058
2016-1학기 강원대학교 발전기금재단 장학생 선발 안내,공지]2016년도 1학기 강원대학교 발전기금재단 장학생 선발 안내,duplication,0.909090909,0.857142857,0.753450449
2023학년도 겨울 계절수업 시간표 및 수강신청 안내(11/7(화) 10:00 ~ 11/9(목) 18:00),2023학년도 겨울 계절수업 시간표 및 수강신청 안내,duplication,0.943396226,0.666666667,0.804022708
2016년 1학기 중국어권 자매대학 파견교환학생 선발 공고,2016학년도 1학기 중국어권 자매대학 파견교환학생 선발 공고,duplication,0.964285714,0.75,0.986642924
2020년도 신한은행 강원장학회 신규 장학생 선발 안내,2020년도 신한은행 강원장학회 신규 장학생 선발 안내(3/20마감),duplication,0.962962963,0.75,0.878085963
2024년 4기 KOTRA 청년인턴(체험형) 모집 안내,2024년 4기 KOTRA 청년인턴(체험형) 모집 안내-10.9.수까지,duplication,0.93877551,0.714285714,0.894959137
2020-1 국가장학금 2차 신청 기간 연장 안내,2020년 1학기 국가장학금 2차 신청 기간 연장 안내,duplication,0.88372093,0.75,0.974652135
[학부·대학원] 2017년도 제8기 차세대리더육성멘토링(배움지기) 모집 안내,2017년도 제8기 차세대리더육성멘토링(배움지기) 모집 안내,duplication,0.896551724,0.833333333,0.838571603
2022학년도 1학기 [메이저러너] 프로그램 시행 안내,2022-1학기 메이저러너 프로그램 시행 안내,duplication,0.904761905,0.833333333,0.974316038
입대 및 질병휴학자의 성적인정 처리절차 개선안내,학기중 입대휴학 및 질병휴학자의 성적인정 처리절차 개선 안내,duplication,0.881355932,0.4,0.512471613
2015학년도 2학기 충북대학교 수학 안내,2015학년도 2학기 세종대학교 수학 안내,different,0.888888889,0.666666667,0.404867472
2022학년도 2학기 [메이저러너] 프로그램 시행 안내,2022학년도 2학기 메이저러너 프로그램 시행 공고,duplication,0.913043478,0.714285714,0.916528524
2018학년도 학생역량강화프로그램_메이저러너 모집 공고,2018학년도 학생역량강화프로그램（메이저 러너） 추가 모집 공고,different,0.909090909,0.428571429,0.145119412
2020학년도 2학기 등록 및 휴·복학 신청 안내,2020학년도 2학기 등록 및 휴·복학 안내,duplication,0.923076923,0.857142857,0.936616107
2023 공자장학생 추천 대상자 선발 안내,2023 공자장학생 추천대상자 선발 안내,duplication,0.971428571,0.5,0.623709127
(국가거점국립대학교) 2024학년도 2학기 충남대학교 교류 수학 안내,(국가거점국립대학교) 2024학년도 2학기 경상국립대학교 교류 수학 안내,different,0.90625,0.75,0.658621416
（국가거점국립대학교） 2021학년도 2학기 충남대학교 교류 수학 안내,（국가거점국립대학교） 2021학년도 2학기 제주대학교 교류 수학 안내,different,0.935483871,0.75,0.680603744
2024년 KNU 찾아가는 컨설팅 운영 안내,「2024년 KNU 찾아가는 컨설팅」운영 안내,duplication,0.974358974,0.571428571,0.435276976
2016학년도 1학기 제주대학교 수학 안내,2016학년도 1학기 서울대학교 수학 안내,different,0.888888889,0.666666667,0.432561735
2025학년도 1학기 재학생 등록금 수납 안내,2025학년도 1학기 재학생 등록금 수납계획 안내,duplication,0.952380952,0.714285714,0.575846333
[안내] 도서관 개관시간 확대 및 중앙도서관 운영 정상화 안내  ​,도서관 개관시간 확대 및 중앙도서관 운영 정상화 안내,duplication,0.950819672,1,0.996030401
2023학년도 동계 글로벌 단기연수생 모집 공고,2023학년도 동계 글로벌 단기연수생 모집공고문,duplication,0.954545455,0.571428571,0.707059722
2020학년도 언어연수과 겨울학기 외국어 강좌,2020학년도 언어연수과 겨울학기 외국어 강좌 안내,duplication,0.933333333,0.833333333,0.993126197
2015학년도 1학기 학생 튜터링 지원 사업(공부두레) 시행 및 퍼실리테이터 초빙 공고(신청:~3/25 낮12시),2015학년도 1학기 학생 튜터링 지원 사업(공부두레) 시행 및 퍼실리테이터 초빙 공고,duplication,0.942528736,0.769230769,0.758502892
2023학년도 겨울 계절수업 수업평가 실시 안내,2023학년도 겨울 계절수업 수업평가 실시 안내-1.11.목.9시-1.17.수.18시까지,duplication,0.88,0.714285714,0.729471921
2021학년도 1학기 캡스톤디자인 중복수강에 따른 동일주제 설정 방지 안내,2021학년도 1학기 캡스톤디자인 중복수강에 따른 동일주제 설정 방지 요청,duplication,0.944444444,0.8,0.972699201
'09-2학기 차상위계층[사랑드림]국가장학금 2차 신청안내,09-2학기 차상위계층[사랑드림] 국가장학금 2차 신청안내,duplication,0.979591837,0.5,0.23504217
2022-1학기 KNU-SOS 장학생 선발 계획 안내,2022학년도 1학기 KNU-SOS 장학생 선발 계획 안내,duplication,0.916666667,0.857142857,0.977633273
4.29까지)2021학년도 후기 조기졸업 신청 안내,2021학년도 후기 조기졸업 신청 안내,duplication,0.944444444,0.666666667,0.65730976
(2025-1학기) 독서 장려를 위한 '신학기 도서대출 이벤트' 안내,(2025-1학기) 독서 장려를 위한 '신학기 도서대출 이벤트' 안내-3.4.화-3.31.월까지,duplication,0.933333333,0.777777778,0.84720392
2024학년도 겨울 계절수업 경북대학교 교류수학 안내,2024학년도 겨울 계절수업 전남대학교 교류수학 안내,different,0.92,0.714285714,0.66063189
2023학년도 1학기 교직 적성·인성 검사 운영 계획 안내,2023학년도 1학기 교직 적성·인성 검사 운영 계획,duplication,0.93877551,0.875,0.99174441
[중독과 트라우마 회복연구소] 2024년 제1회 ATRI 논문경진대회 개최,[중독과 트라우마 회복연구소] 2024년 제1회 ATRI 논문경진대회 개최 안내,duplication,0.957746479,0.888888889,0.997062955
2020학년도 대학생 교육봉사단(7기) H-점프스쿨 장학생 모집 안내,2020학년도 대학생 교육봉사단(7기) H-점프스쿨 장학샘 모집 안내,duplication,0.966666667,0.75,0.831477154
2020학년도 동계 계절수업 인천대학교 교류수학 안내,2020학년도 동계 계절수업 강릉원주대학교 교류수학 안내,different,0.884615385,0.714285714,0.599317445
2016학년도 1학기 동국대학교 수학 안내,2016학년도 1학기 제주대학교 수학 안내,different,0.888888889,0.666666667,0.39704439
2025학년도 1학기 국가근로장학금 희망근로기관 신청 안내,2025-1학기 국가근로장학금 희망근로기관 신청 안내,duplication,0.92,0.833333333,0.980098773
[학부]2020 자유전공학부 학과소개 영상 공모 사업 공고,2020 자유전공학부 학과소개 영상 공모 사업 공고,duplication,0.93877551,0.857142857,0.961844505
제13기 학생홍보대사 「가온」 모집 안내,찾아가는 마임축제 ＇도깨비 유랑단＇ 공연 안내,unrelated,0.341463415,0.1,0.008837884
제1회 강원권 중고교 해킹교육&CTF대회 개최 알림,[교육혁신본부] 교수법워크숍 5차（가천대 장대익 교수님） 특강 안내,unrelated,0.172413793,0,0
2025학년도 글로컬대학사업추진단 서포터즈 2기 모집 안내,[도서관] 웨이브온（WavveOn） OTT 서비스 이용안내,unrelated,0.254545455,0,0
SK AI Dream Camp（인공지능 데이터 분석 실습 교육） 참가자 모집 안내,2025년 광저우 하계 국제계절학기,unrelated,0.103448276,0,0
2025학년도 강원대학교 동계 해외봉사단（손길 3기） 모집,[KOICA] KOICA 르완다 중등학교 ICT 역량강화 프로젝트 봉사단（3기） 추가 모집 （~5/7）,unrelated,0.342857143,0.071428571,0.024542073
국유지（춘천캠퍼스） 내 무단점유 적치물 폐기 예정 공고,[강원국제개발협력센터] 2025 강원국제개발협력센터 대학생 공모전 시행 안내（~05.13.）,unrelated,0.158730159,0,0
[KNU창업혁신원] 2025년 하나 소셜벤처 유니버시티 @강원대학교 예비/초기 창업가（팀） 모집,2025학년도 1학기 재학생（3차 분할납부）등록금 납부기간 안내,unrelated,0.142857143,0,0
국립대최초 온라인석사과정_평화학과 신입생모집（2025년 2학기）,교섭요구 노동조합 확정 공고,unrelated,0.139534884,0,0
[삼척공동실험실습관] 2025학년도 제3회 분석기기 세미나 개최 안내_X선형광분석,1학기 중간고사 대비 비타민 및 유산균 지급 안내,unrelated,0.21875,0,0
강원대학교 해외 프로그램 정보 공유 단톡방 개설 안내,온라인 ＇KNU저자교수 북토크＇ 안내（~11월 30일）,unrelated,0.2,0,0
